replication_id,scenario_id,replication_seed,metric,N_value,S_value,F_value,S_minus_N,F_minus_S,F_minus_N
0,efd2bbd58a32d830,18154560826472160181,service_level,0.992995799813543,0.9867528641071305,0.9915423227132147,-0.006242935706412545,0.0047894586060842625,-0.001453477100328282
1,740d1ec64c17c25c,583025130916150325,service_level,0.9892747473467216,0.9825688223165059,0.9920695893410728,-0.00670592503021572,0.009500767024566925,0.002794841994351205
2,48fc424fdbbeabe8,16398357247701834850,service_level,0.9914750562124509,0.9825680176193146,0.993737443149496,-0.008907038593136352,0.01116942553018141,0.0022623869370450578
3,c8bc873cc8d7bf0e,2269397296339111156,service_level,0.9908844480899873,0.9820356929322774,0.9907699376811443,-0.008848755157709887,0.00873424474886686,-0.0001145104088430271
4,b53d2acad52e10d3,2106283565805583909,service_level,0.9881502385750376,0.9779947541776147,0.9878507809601915,-0.010155484397422865,0.009856026782576799,-0.0002994576148460659
5,4c823eaf9c10986c,9494189234043139157,service_level,0.98968227002657,0.9815078203975466,0.9923457418689835,-0.008174449629023472,0.010837921471436918,0.002663471842413445
6,0c4d8050dcfc561f,9175908689249402304,service_level,0.9909363491252704,0.9851846880740688,0.9913632523991083,-0.0057516610512016175,0.006178564325039493,0.0004269032738378753
7,b93c197452127748,18411039279325525482,service_level,0.990162118534728,0.9818398326567687,0.9921337256946828,-0.008322285877959357,0.01029389303791417,0.0019716071599548135
8,f3d93e6376548f3d,17412653627742288767,service_level,0.992074603773273,0.9847209594844847,0.9923841367456177,-0.007353644288788264,0.00766317726113297,0.000309532972344706
9,1b6a15e02bc2dfd9,14360288428696390321,service_level,0.9910775041276947,0.9864272310252131,0.9928646276153571,-0.004650273102481561,0.006437396590143973,0.001787123487662412
10,7c362520b9d279d5,707028829783831254,service_level,0.9937299728971295,0.9878306678916776,0.9931395490501402,-0.0058993050054518825,0.005308881158462619,-0.0005904238469892631
11,b3f61c340012ae31,2249076315507157767,service_level,0.9921686790374554,0.9863491337461116,0.9934384221009378,-0.005819545291343875,0.007089288354826251,0.0012697430634823759
12,4d910d2eda1b7bc4,3215586943839124654,service_level,0.9923409714567436,0.9868663872011192,0.9937474546041165,-0.005474584255624415,0.006881067402997321,0.0014064831473729056
13,1de37aa7f125f9c2,7848416998020336102,service_level,0.9864946648297627,0.983110567413006,0.9901935197840201,-0.003384097416756715,0.007082952371014195,0.00369885495425748
14,bb1e91a2811da9e7,12637917950436599476,service_level,0.9903006010994185,0.9847046706343392,0.9917483725591134,-0.005595930465079335,0.007043701924774215,0.0014477714596948799
15,9c0e7d005f95b886,12631696581790737570,service_level,0.98867435356999,0.9802857403909022,0.988965155648918,-0.00838861317908779,0.008679415258015744,0.0002908020789279542
16,2dde2186f7f297c8,15306973309152035735,service_level,0.9912852639215479,0.9868461864030086,0.9936953992839335,-0.004439077518539336,0.006849212880924882,0.002410135362385546
17,7d27ea5a36015daa,11912966408235049794,service_level,0.9855970701123347,0.9756756909398648,0.9880964521875768,-0.009921379172469824,0.012420761247711964,0.0024993820752421403
18,450638d687f99e16,13662181571893650717,service_level,0.9880997403886338,0.9822913386417551,0.9911309260343093,-0.005808401746878689,0.008839587392554193,0.003031185645675505
19,71dc83c60ef39a61,6716774480996898736,service_level,0.9899578962260298,0.9799997144919542,0.991636842699325,-0.009958181734075588,0.011637128207370728,0.0016789464732951398
20,f7d27eeb3e232b43,6074613405453781192,service_level,0.987307382794225,0.9815597663489158,0.9899705737683693,-0.005747616445309189,0.008410807419453437,0.002663190974144247
21,80cac39a6a93e25b,12656529146208048523,service_level,0.9885522659192143,0.9835317250316945,0.9918684807717755,-0.005020540887519798,0.00833675574008097,0.0033162148525611723
22,cda0457b3f19dc5f,16800882232702200752,service_level,0.9910964508738523,0.9848848570769037,0.9918893514058158,-0.006211593796948689,0.0070044943289121475,0.0007929005319634586
23,99fe83fe7a61efee,5072631503236424711,service_level,0.9874497813206609,0.980197240546204,0.9891001601124008,-0.007252540774456806,0.00890291956619671,0.0016503787917399038
24,4734a950ab8deb19,1658852715428394783,service_level,0.991777894785302,0.986031668062111,0.9927882493715284,-0.005746226723191028,0.006756581309417475,0.0010103545862264474
25,38bb46dac36d9613,6198866614064143415,service_level,0.9896149341090911,0.9817019668183204,0.9905566689830057,-0.007912967290770623,0.008854702164685202,0.0009417348739145792
26,73ca68e153b90efe,9131912532472506910,service_level,0.9896155223824332,0.9844724544447195,0.9911175831063986,-0.005143067937713686,0.0066451286616791005,0.001502060723965415
27,486b37266eb85a7d,14506317473859213626,service_level,0.9902512158710282,0.9861024803974421,0.9926700303522167,-0.004148735473586074,0.006567549954774599,0.002418814481188525
28,9819f468eaf7f2b2,4003950915694505269,service_level,0.9916447510995121,0.9848949661498851,0.9920168484191281,-0.006749784949626969,0.0071218822692429296,0.0003720973196159605
29,8d1cdabbefbbd0aa,17863264377380044289,service_level,0.9887971706543068,0.9815693486611963,0.9912949469889765,-0.007227821993110561,0.009725598327780194,0.0024977763346696324
30,a82cff0022fc77c1,1621636798392364146,service_level,0.9880850859408518,0.9800012530080358,0.9881267968018576,-0.008083832932816004,0.008125543793821799,4.17108610057948e-05
31,5e05e6ad80459dbd,17689598413599291612,service_level,0.984618481537939,0.9782270448987126,0.9870066954797834,-0.006391436639226367,0.008779650581070775,0.002388213941844408
32,000375070cfaad12,2376777246512708618,service_level,0.985251034848911,0.9768804160320674,0.9855890990798692,-0.008370618816843534,0.008708683047801813,0.0003380642309582793
33,4f91a9779584603d,14951634514475873699,service_level,0.9851326865851628,0.9776680271919704,0.9904848461443599,-0.007464659393192408,0.012816818952389508,0.0053521595591971005
34,2672cb6c777c2643,3610653751272029061,service_level,0.9881753144085067,0.9816491577512227,0.9884214967661927,-0.006526156657283955,0.006772339014969986,0.00024618235768603114
35,24f7d9bb2ef8b38d,12487850631638145646,service_level,0.9887426252255619,0.981496463324515,0.9897685534952025,-0.007246161901046877,0.00827209017068753,0.0010259282696406524
36,a22de8b4de8c8f1c,9532327372103029650,service_level,0.9873391565519442,0.9754399973221994,0.9885954863045394,-0.011899159229744716,0.01315548898233998,0.0012563297525952644
37,6c4abba0cf79b5c5,6187122514881054771,service_level,0.9857346920016419,0.9785307905011841,0.9886442179765832,-0.007203901500457799,0.010113427475399117,0.0029095259749413183
38,767bb6c753841eeb,8367747889328127822,service_level,0.9872570758082303,0.9779744348150654,0.9881568643122766,-0.009282640993164892,0.010182429497211154,0.0008997885040462617
39,9496564120f8cca4,15556817399082204522,service_level,0.9889087197765918,0.984145653474664,0.9913024094787631,-0.0047630663019277986,0.007156756004099152,0.0023936897021713532
40,47355d2f5acddb5c,294372319131704418,service_level,0.9892237050253079,0.9848309196372563,0.9917954415149238,-0.0043927853880515455,0.0069645218776674955,0.00257173648961595
41,0a262dd283dd6a86,17876885766379431511,service_level,0.9894548818761603,0.9805388377890891,0.9904127022082645,-0.00891604408707114,0.009873864419175371,0.0009578203321042311
42,4948a5aebd04a486,13785562148271653969,service_level,0.9908234306319335,0.9848019650332281,0.9920637889282591,-0.006021465598705311,0.007261823895030939,0.0012403582963256277
43,0d83242ca36457c7,4582545520891971192,service_level,0.9919546427976359,0.9854062445037443,0.9920446201589252,-0.006548398293891644,0.006638375655180995,8.997736128935063e-05
44,a4fc26c8e01425fb,9850046477131511879,service_level,0.9882187559357877,0.9807168068567225,0.9910774431649052,-0.007501949079065207,0.010360636308182736,0.002858687229117529
45,6e8d15f0b614b0c5,16007094931600741254,service_level,0.9911374032086249,0.9891081752447328,0.9906366381276234,-0.002029227963892044,0.0015284628828905467,-0.0005007650810014974
46,ea37cea8525453e6,16040166067369569384,service_level,0.9869799556214257,0.9768896491881217,0.9891007439698356,-0.010090306433303997,0.012211094781713894,0.0021207883484098966
47,8eb8f53b49b3d3e7,16542339274826354254,service_level,0.9894671939253615,0.9831554825123112,0.9905091135026681,-0.006311711413050314,0.0073536309903569075,0.0010419195773065937
48,cf3fb765a545fb7c,6737943943382100808,service_level,0.9905691202389888,0.9830605664683725,0.9902037013283315,-0.007508553770616322,0.007143134859958988,-0.00036541891065733356
49,385531f86e4df34d,15744598175717554616,service_level,0.9841083328096365,0.9768232508576696,0.9860607894299629,-0.007285081951966865,0.009237538572293258,0.0019524566203263927
0,efd2bbd58a32d830,18154560826472160181,waste_rate,0.03135973301634886,0.06307604536091284,0.03854132302950716,0.03171631234456398,-0.024534722331405676,0.007181590013158302
1,740d1ec64c17c25c,583025130916150325,waste_rate,0.028370975578506402,0.056349579158644844,0.03598444395349203,0.027978603580138442,-0.02036513520515281,0.007613468374985631
2,48fc424fdbbeabe8,16398357247701834850,waste_rate,0.036142061745520614,0.06741127924095858,0.038475712775084873,0.03126921749543796,-0.028935566465873704,0.00233365102956426
3,c8bc873cc8d7bf0e,2269397296339111156,waste_rate,0.03061196884518698,0.059074911946925025,0.03589494396711442,0.028462943101738046,-0.023179967979810603,0.005282975121927443
4,b53d2acad52e10d3,2106283565805583909,waste_rate,0.03807752658514065,0.06805128825700915,0.041678453004743946,0.0299737616718685,-0.026372835252265206,0.003600926419603294
5,4c823eaf9c10986c,9494189234043139157,waste_rate,0.032553061944195244,0.06589483053910004,0.03575598014292828,0.0333417685949048,-0.030138850396171764,0.003202918198733036
6,0c4d8050dcfc561f,9175908689249402304,waste_rate,0.028173612881061877,0.058095098650158696,0.03389676103785915,0.02992148576909682,-0.024198337612299545,0.005723148156797274
7,b93c197452127748,18411039279325525482,waste_rate,0.032814759833980016,0.06313253889151571,0.036144713741858375,0.030317779057535695,-0.026987825149657335,0.0033299539078783594
8,f3d93e6376548f3d,17412653627742288767,waste_rate,0.02941590211194125,0.059579047563172706,0.03702166420202921,0.030163145451231457,-0.022557383361143497,0.00760576209008796
9,1b6a15e02bc2dfd9,14360288428696390321,waste_rate,0.032950134481946614,0.05936295130810971,0.03574577497797926,0.026412816826163095,-0.023617176330130447,0.0027956404960326475
10,7c362520b9d279d5,707028829783831254,waste_rate,0.02400192696938464,0.05128100238201562,0.03084724459121883,0.02727907541263098,-0.02043375779079679,0.006845317621834192
11,b3f61c340012ae31,2249076315507157767,waste_rate,0.02740870442010359,0.05540876169536622,0.03223236881900256,0.028000057275262627,-0.02317639287636366,0.004823664398898968
12,4d910d2eda1b7bc4,3215586943839124654,waste_rate,0.030606705535942334,0.06319354650937199,0.037512633462667005,0.03258684097342966,-0.025680913046704987,0.006905927926724672
13,1de37aa7f125f9c2,7848416998020336102,waste_rate,0.034383809030308986,0.059520870982258084,0.03971442017478934,0.025137061951949098,-0.01980645080746874,0.005330611144480357
14,bb1e91a2811da9e7,12637917950436599476,waste_rate,0.03187883458209563,0.0610234646037335,0.0350666923019566,0.02914463002163787,-0.025956772301776898,0.0031878577198609717
15,9c0e7d005f95b886,12631696581790737570,waste_rate,0.0400196506141374,0.07380594235257945,0.044510049803868273,0.033786291738442054,-0.029295892548711178,0.004490399189730876
16,2dde2186f7f297c8,15306973309152035735,waste_rate,0.03206847601347019,0.057685083076118776,0.03522492222803977,0.025616607062648587,-0.022460160848079003,0.0031564462145695846
17,7d27ea5a36015daa,11912966408235049794,waste_rate,0.03391445687511754,0.07004111422118989,0.03961869893402725,0.03612665734607235,-0.030422415287162635,0.005704242058909716
18,450638d687f99e16,13662181571893650717,waste_rate,0.030176705638690366,0.05923750617224633,0.03723381958208064,0.029060800533555965,-0.02200368659016569,0.007057113943390276
19,71dc83c60ef39a61,6716774480996898736,waste_rate,0.03689709081947981,0.07062619590566813,0.04188378527945375,0.033729105086188316,-0.028742410626214375,0.004986694459973941
20,f7d27eeb3e232b43,6074613405453781192,waste_rate,0.03639066856248313,0.06236680582544026,0.03812904087987928,0.02597613726295713,-0.024237764945560986,0.001738372317396146
21,80cac39a6a93e25b,12656529146208048523,waste_rate,0.03277552206004483,0.060132139059432675,0.03514105902389667,0.027356616999387844,-0.024991080035536004,0.00236553696385184
22,cda0457b3f19dc5f,16800882232702200752,waste_rate,0.03144225317137777,0.06120889557641821,0.03850795345632455,0.02976664240504044,-0.02270094212009366,0.007065700284946783
23,99fe83fe7a61efee,5072631503236424711,waste_rate,0.0330294800013754,0.0669276249681931,0.03904969536277302,0.0338981449668177,-0.027877929605420078,0.0060202153613976225
24,4734a950ab8deb19,1658852715428394783,waste_rate,0.03237857723088528,0.06002539288070079,0.03572233627003444,0.027646815649815505,-0.024303056610666347,0.003343759039149158
25,38bb46dac36d9613,6198866614064143415,waste_rate,0.034069233067365416,0.0653458851876643,0.03970214505302271,0.03127665212029888,-0.02564374013464158,0.005632911985657296
26,73ca68e153b90efe,9131912532472506910,waste_rate,0.02919665609039,0.05716840284760866,0.03506280681086451,0.027971746757218658,-0.022105596036744148,0.0058661507204745104
27,486b37266eb85a7d,14506317473859213626,waste_rate,0.030705872830128288,0.05481995965892537,0.03427924828628208,0.02411408682879708,-0.020540711372643287,0.003573375456153792
28,9819f468eaf7f2b2,4003950915694505269,waste_rate,0.03293201255812836,0.06005289590617548,0.036999288857362075,0.027120883348047117,-0.0230536070488134,0.004067276299233716
29,8d1cdabbefbbd0aa,17863264377380044289,waste_rate,0.0377347410245005,0.06711680989633469,0.040548120105318275,0.029382068871834185,-0.02656868979101641,0.002813379080817774
30,a82cff0022fc77c1,1621636798392364146,waste_rate,0.03680411841232392,0.06852506770938796,0.040641293794837045,0.03172094929706404,-0.027883773914550915,0.0038371753825131236
31,5e05e6ad80459dbd,17689598413599291612,waste_rate,0.03827688344912873,0.06741838203161936,0.03901551295729682,0.029141498582490627,-0.02840286907432254,0.0007386295081680885
32,000375070cfaad12,2376777246512708618,waste_rate,0.036663273247808256,0.07069061121284144,0.0418418662884334,0.03402733796503318,-0.02884874492440804,0.005178593040625144
33,4f91a9779584603d,14951634514475873699,waste_rate,0.03650955300418989,0.0654335239389774,0.0383711864918076,0.02892397093478751,-0.0270623374471698,0.0018616334876177115
34,2672cb6c777c2643,3610653751272029061,waste_rate,0.03185167548251584,0.061070747781783986,0.03734765252426153,0.029219072299268144,-0.023723095257522454,0.005495977041745689
35,24f7d9bb2ef8b38d,12487850631638145646,waste_rate,0.03270634566038064,0.06103643727160212,0.03555973994183022,0.028330091611221485,-0.025476697329771904,0.002853394281449581
36,a22de8b4de8c8f1c,9532327372103029650,waste_rate,0.039046778710921735,0.07450799873845633,0.043083483977394234,0.035461220027534594,-0.031424514761062096,0.004036705266472498
37,6c4abba0cf79b5c5,6187122514881054771,waste_rate,0.035552533852257526,0.06567125837689952,0.03828581790607052,0.030118724524641996,-0.027385440470829005,0.0027332840538129913
38,767bb6c753841eeb,8367747889328127822,waste_rate,0.0373693840319869,0.06964504036845777,0.0433466509419809,0.03227565633647087,-0.026298389426476866,0.005977266909994006
39,9496564120f8cca4,15556817399082204522,waste_rate,0.03092299998857245,0.0598963693271528,0.03436358604166741,0.028973369338580354,-0.025532783285485396,0.003440586053094958
40,47355d2f5acddb5c,294372319131704418,waste_rate,0.032086583755026515,0.060017211063421894,0.03768008571908113,0.027930627308395378,-0.022337125344340764,0.005593501964054615
41,0a262dd283dd6a86,17876885766379431511,waste_rate,0.0356253193549079,0.06822472276600552,0.04021804640434353,0.03259940341109763,-0.028006676361661993,0.004592727049435634
42,4948a5aebd04a486,13785562148271653969,waste_rate,0.033418742083927276,0.06292093174057055,0.03565858462857088,0.029502189656643273,-0.027262347111999666,0.002239842544643607
43,0d83242ca36457c7,4582545520891971192,waste_rate,0.030985582659538966,0.06056031742982785,0.0344715120804479,0.029574734770288883,-0.026088805349379948,0.003485929420908935
44,a4fc26c8e01425fb,9850046477131511879,waste_rate,0.032474981837372775,0.06344810022434762,0.03633401346854524,0.030973118386974842,-0.027114086755802375,0.0038590316311724673
45,6e8d15f0b614b0c5,16007094931600741254,waste_rate,0.029145069195264765,0.05158294099346881,0.03819099261068106,0.022437871798204043,-0.013391948382787747,0.009045923415416296
46,ea37cea8525453e6,16040166067369569384,waste_rate,0.036900976442478604,0.07071530724630222,0.04168336143719124,0.033814330803823615,-0.029031945809110983,0.004782384994712632
47,8eb8f53b49b3d3e7,16542339274826354254,waste_rate,0.03343340715210746,0.06332872869668676,0.036943431277814645,0.029895321544579308,-0.02638529741887212,0.003510024125707188
48,cf3fb765a545fb7c,6737943943382100808,waste_rate,0.035111836738425856,0.06266678773596049,0.03869890833121047,0.027554950997534633,-0.023967879404750016,0.0035870715927846172
49,385531f86e4df34d,15744598175717554616,waste_rate,0.03690516288094401,0.06932290851450959,0.04075762845960484,0.03241774563356558,-0.028565280054904753,0.003852465578660827
0,efd2bbd58a32d830,18154560826472160181,retail_order_bullwhip,3.1262494911553738,3.410782884122369,2.977654911639318,0.2845333929669951,-0.4331279724830508,-0.1485945795160557
1,740d1ec64c17c25c,583025130916150325,retail_order_bullwhip,3.2685044303182385,3.4097493137135375,3.001906569121057,0.14124488339529906,-0.4078427445924806,-0.26659786119718154
2,48fc424fdbbeabe8,16398357247701834850,retail_order_bullwhip,3.389705229762636,3.574519719606287,3.0004097147813362,0.1848144898436508,-0.5741100048249508,-0.3892955149813
3,c8bc873cc8d7bf0e,2269397296339111156,retail_order_bullwhip,2.9550162017914006,3.1855628080480543,2.8036631670300936,0.23054660625665369,-0.3818996410179607,-0.15135303476130701
4,b53d2acad52e10d3,2106283565805583909,retail_order_bullwhip,3.2232934073372403,3.398931412202517,3.0154791286932894,0.1756380048652768,-0.3834522835092278,-0.20781427864395097
5,4c823eaf9c10986c,9494189234043139157,retail_order_bullwhip,3.3235879716165933,3.5033443889723626,2.878981295755178,0.1797564173557693,-0.6243630932171844,-0.4446066758614151
6,0c4d8050dcfc561f,9175908689249402304,retail_order_bullwhip,3.226871892685447,3.3510386155317584,3.0965231232918784,0.12416672284631147,-0.25451549223988,-0.13034876939356854
7,b93c197452127748,18411039279325525482,retail_order_bullwhip,3.2067915472820196,3.411630894216846,2.936886126610025,0.20483934693482642,-0.47474476760682105,-0.26990542067199463
8,f3d93e6376548f3d,17412653627742288767,retail_order_bullwhip,2.916667693103964,3.070193225010403,2.823449159841565,0.15352553190643903,-0.24674406516883796,-0.09321853326239893
9,1b6a15e02bc2dfd9,14360288428696390321,retail_order_bullwhip,3.042118074430447,3.033454743092407,2.7710684111013433,-0.008663331338039981,-0.26238633199106376,-0.27104966332910374
10,7c362520b9d279d5,707028829783831254,retail_order_bullwhip,2.9479965659179213,3.0267812948339494,2.7124758821847172,0.07878472891602817,-0.3143054126492322,-0.235520683733204
11,b3f61c340012ae31,2249076315507157767,retail_order_bullwhip,3.186371955308866,3.307191445223212,2.7421077393188473,0.12081948991434599,-0.5650837059043647,-0.44426421599001875
12,4d910d2eda1b7bc4,3215586943839124654,retail_order_bullwhip,3.086930226109753,3.4589722872051127,2.9887511233641897,0.37204206109535987,-0.47022116384092305,-0.09817910274556318
13,1de37aa7f125f9c2,7848416998020336102,retail_order_bullwhip,3.393024909159208,3.4051418087412935,3.127645988100409,0.012116899582085505,-0.2774958206408846,-0.2653789210587991
14,bb1e91a2811da9e7,12637917950436599476,retail_order_bullwhip,3.1338086964905534,3.36907616215287,2.8527683924424836,0.2352674656623166,-0.5163077697103864,-0.2810403040480698
15,9c0e7d005f95b886,12631696581790737570,retail_order_bullwhip,3.3157781821103938,3.64937050050372,3.077903971853988,0.33359231839332626,-0.571466528649732,-0.23787421025640576
16,2dde2186f7f297c8,15306973309152035735,retail_order_bullwhip,3.2160290759981742,3.241629714298221,2.6896838735613198,0.025600638300046885,-0.5519458407369013,-0.5263452024368545
17,7d27ea5a36015daa,11912966408235049794,retail_order_bullwhip,3.3278190576196205,3.5750342651877913,3.090028866807537,0.24721520756817084,-0.48500539838025425,-0.2377901908120834
18,450638d687f99e16,13662181571893650717,retail_order_bullwhip,3.3054739141652916,3.4325761993767565,3.112650938250403,0.12710228521146494,-0.31992526112635344,-0.1928229759148885
19,71dc83c60ef39a61,6716774480996898736,retail_order_bullwhip,3.36860159999554,3.6041168171700106,3.149433116239066,0.23551521717447077,-0.45468370093094457,-0.2191684837564738
20,f7d27eeb3e232b43,6074613405453781192,retail_order_bullwhip,3.3599985358440354,3.454449629339518,2.9938875470619832,0.09445109349548275,-0.4605620822775349,-0.36611098878205217
21,80cac39a6a93e25b,12656529146208048523,retail_order_bullwhip,3.0319331984582356,3.16537657241658,2.81819036108181,0.1334433739583445,-0.3471862113347699,-0.2137428373764254
22,cda0457b3f19dc5f,16800882232702200752,retail_order_bullwhip,2.9852595808217806,3.17101923035685,2.859884650484991,0.1857596495350693,-0.311134579871859,-0.1253749303367897
23,99fe83fe7a61efee,5072631503236424711,retail_order_bullwhip,3.252964053518468,3.556984645785135,2.9274775245222915,0.3040205922666672,-0.6295071212628436,-0.32548652899617636
24,4734a950ab8deb19,1658852715428394783,retail_order_bullwhip,3.043894252461487,3.172461372721181,2.8716705085443093,0.12856712025969363,-0.3007908641768715,-0.17222374391717787
25,38bb46dac36d9613,6198866614064143415,retail_order_bullwhip,3.2364835754242116,3.382782294986249,2.9529357726525003,0.14629871956203733,-0.42984652233374865,-0.2835478027717113
26,73ca68e153b90efe,9131912532472506910,retail_order_bullwhip,3.114758114958395,3.2881127018956158,2.997965332963061,0.17335458693722083,-0.2901473689325549,-0.11679278199533405
27,486b37266eb85a7d,14506317473859213626,retail_order_bullwhip,3.0219690562316535,2.9676043658483082,2.668212347286929,-0.05436469038334524,-0.2993920185613792,-0.35375670894472444
28,9819f468eaf7f2b2,4003950915694505269,retail_order_bullwhip,3.148632523522677,3.213254390081473,2.8279455177871613,0.06462186655879609,-0.38530887229431166,-0.32068700573551556
29,8d1cdabbefbbd0aa,17863264377380044289,retail_order_bullwhip,3.402675637853006,3.4896694377142117,2.9228938945822414,0.08699379986120581,-0.5667755431319703,-0.4797817432707645
30,a82cff0022fc77c1,1621636798392364146,retail_order_bullwhip,3.417749772246187,3.7583665058857867,3.151413102059804,0.34061673363959954,-0.6069534038259827,-0.2663366701863832
31,5e05e6ad80459dbd,17689598413599291612,retail_order_bullwhip,3.3932473541613746,3.422817022297814,2.976645006403477,0.029569668136439464,-0.4461720158943372,-0.41660234775789773
32,000375070cfaad12,2376777246512708618,retail_order_bullwhip,3.217809424950547,3.458107657454806,3.06465041252977,0.24029823250425908,-0.393457244925036,-0.1531590124207769
33,4f91a9779584603d,14951634514475873699,retail_order_bullwhip,3.549508739201094,3.632314809579413,3.223133671012129,0.08280607037831889,-0.40918113856728366,-0.3263750681889648
34,2672cb6c777c2643,3610653751272029061,retail_order_bullwhip,3.089201492289949,3.1144908596963004,2.9555047396395384,0.02528936740635146,-0.15898612005676194,-0.13369675265041048
35,24f7d9bb2ef8b38d,12487850631638145646,retail_order_bullwhip,3.3000903320497117,3.3763791036314754,3.0403904464995875,0.07628877158176373,-0.33598865713188797,-0.25969988555012424
36,a22de8b4de8c8f1c,9532327372103029650,retail_order_bullwhip,3.3512171459792666,3.6767728783170632,3.102266786229388,0.32555573233779667,-0.5745060920876752,-0.24895035974987856
37,6c4abba0cf79b5c5,6187122514881054771,retail_order_bullwhip,3.4800532439548935,3.669334745890363,2.989068606175709,0.18928150193546944,-0.6802661397146541,-0.49098463777918466
38,767bb6c753841eeb,8367747889328127822,retail_order_bullwhip,3.3634217849885597,3.6394615614548855,3.2080483827013397,0.2760397764663258,-0.4314131787535458,-0.15537340228721996
39,9496564120f8cca4,15556817399082204522,retail_order_bullwhip,3.114242222805973,3.252611438060639,2.82212086995579,0.1383692152546656,-0.43049056810484876,-0.29212135285018315
40,47355d2f5acddb5c,294372319131704418,retail_order_bullwhip,3.2205981693468724,3.31402652096504,2.889342127750416,0.09342835161816776,-0.42468439321462403,-0.3312560415964563
41,0a262dd283dd6a86,17876885766379431511,retail_order_bullwhip,3.3458722632556364,3.526140496186216,2.99595719132709,0.18026823293057959,-0.530183304859126,-0.34991507192854643
42,4948a5aebd04a486,13785562148271653969,retail_order_bullwhip,3.149720514371364,3.1819984397668906,2.8232586011707537,0.03227792539552654,-0.3587398385961369,-0.32646191320061035
43,0d83242ca36457c7,4582545520891971192,retail_order_bullwhip,3.0460025488990157,3.182766865504833,2.7994790506831517,0.13676431660581745,-0.3832878148216814,-0.24652349821586395
44,a4fc26c8e01425fb,9850046477131511879,retail_order_bullwhip,3.365097238746068,3.4521134893423056,2.8946178185201257,0.08701625059623774,-0.5574956708221799,-0.47047942022594214
45,6e8d15f0b614b0c5,16007094931600741254,retail_order_bullwhip,3.127494584755725,3.1107445716446853,2.940699657137859,-0.016750013111039852,-0.17004491450682613,-0.18679492761786598
46,ea37cea8525453e6,16040166067369569384,retail_order_bullwhip,3.190741980907889,3.4871857951758862,2.9882092037367354,0.29644381426799704,-0.49897659143915085,-0.2025327771711538
47,8eb8f53b49b3d3e7,16542339274826354254,retail_order_bullwhip,3.050608823674882,3.2092046513495722,2.972765730453758,0.15859582767469016,-0.23643892089581442,-0.07784309322112426
48,cf3fb765a545fb7c,6737943943382100808,retail_order_bullwhip,3.1624747359430536,3.3705490422197952,2.9843872200864463,0.20807430627674162,-0.38616182213334893,-0.17808751585660731
49,385531f86e4df34d,15744598175717554616,retail_order_bullwhip,3.5197988594340988,3.750124912405171,3.1512171366807933,0.23032605297107223,-0.5989077757243777,-0.3685817227533055
0,efd2bbd58a32d830,18154560826472160181,importer_procurement_bullwhip,15.228276096581064,14.9770166773537,12.178865050769,-0.25125941922736494,-2.7981516265846995,-3.0494110458120645
1,740d1ec64c17c25c,583025130916150325,importer_procurement_bullwhip,17.07976288160513,16.620158062795927,13.502288689307262,-0.4596048188092041,-3.1178693734886647,-3.577474192297869
2,48fc424fdbbeabe8,16398357247701834850,importer_procurement_bullwhip,17.430686546072362,17.024536738088997,13.426655637929917,-0.40614980798336475,-3.5978811001590802,-4.004030908142445
3,c8bc873cc8d7bf0e,2269397296339111156,importer_procurement_bullwhip,14.384518694708039,14.025779188329688,10.68391849379823,-0.3587395063783507,-3.3418606945314586,-3.7006002009098093
4,b53d2acad52e10d3,2106283565805583909,importer_procurement_bullwhip,15.152969640402096,15.11650228476175,12.031816270853474,-0.036467355640345644,-3.084686013908277,-3.1211533695486224
5,4c823eaf9c10986c,9494189234043139157,importer_procurement_bullwhip,15.86441151104189,15.315912349859596,12.109730867513703,-0.5484991611822938,-3.206181482345894,-3.7546806435281876
6,0c4d8050dcfc561f,9175908689249402304,importer_procurement_bullwhip,17.00188303316725,16.002431740142264,14.128216668132206,-0.9994512930249861,-1.8742150720100579,-2.873666365035044
7,b93c197452127748,18411039279325525482,importer_procurement_bullwhip,14.925881190427917,14.835105919153252,12.323345029672721,-0.09077527127466567,-2.511760889480531,-2.6025361607551964
8,f3d93e6376548f3d,17412653627742288767,importer_procurement_bullwhip,15.449853955544878,15.057183596821291,11.979685251439259,-0.3926703587235867,-3.0774983453820326,-3.4701687041056193
9,1b6a15e02bc2dfd9,14360288428696390321,importer_procurement_bullwhip,13.416862861908767,12.539646142976363,11.058835123293141,-0.877216718932404,-1.4808110196832214,-2.3580277386156254
10,7c362520b9d279d5,707028829783831254,importer_procurement_bullwhip,15.00765587294728,14.2123194660708,11.610437526976533,-0.7953364068764799,-2.601881939094268,-3.3972183459707477
11,b3f61c340012ae31,2249076315507157767,importer_procurement_bullwhip,15.290858439852558,15.068582514856383,11.197764133621122,-0.22227592499617543,-3.87081838123526,-4.0930943062314356
12,4d910d2eda1b7bc4,3215586943839124654,importer_procurement_bullwhip,15.130205411696984,15.479953456603475,12.373551781165682,0.3497480449064909,-3.1064016754377928,-2.756653630531302
13,1de37aa7f125f9c2,7848416998020336102,importer_procurement_bullwhip,17.19948797275159,16.091135485812405,13.849802326651936,-1.1083524869391859,-2.241333159160469,-3.3496856460996547
14,bb1e91a2811da9e7,12637917950436599476,importer_procurement_bullwhip,13.928908168368732,13.644175815893734,10.860041046795455,-0.2847323524749985,-2.7841347690982783,-3.068867121573277
15,9c0e7d005f95b886,12631696581790737570,importer_procurement_bullwhip,15.415656389293707,15.547253688740863,11.58927216995431,0.13159729944715615,-3.9579815187865535,-3.8263842193393973
16,2dde2186f7f297c8,15306973309152035735,importer_procurement_bullwhip,15.258178297802795,14.259580984884277,10.897638358495033,-0.9985973129185179,-3.3619426263892436,-4.3605399393077615
17,7d27ea5a36015daa,11912966408235049794,importer_procurement_bullwhip,17.056455016810414,17.133892258893123,13.87890227801031,0.07743724208270919,-3.2549899808828133,-3.177552738800104
18,450638d687f99e16,13662181571893650717,importer_procurement_bullwhip,16.02522068509003,15.601169185815571,12.81908731471773,-0.4240514992744586,-2.7820818710978408,-3.2061333703722994
19,71dc83c60ef39a61,6716774480996898736,importer_procurement_bullwhip,17.439051190335928,17.213976343763658,13.536874374506192,-0.2250748465722694,-3.677101969257466,-3.902176815829735
20,f7d27eeb3e232b43,6074613405453781192,importer_procurement_bullwhip,17.068954701943028,16.069620476470458,12.866669910895638,-0.9993342254725697,-3.2029505655748203,-4.20228479104739
21,80cac39a6a93e25b,12656529146208048523,importer_procurement_bullwhip,14.036474279734643,13.64389667849739,11.315856169697046,-0.39257760123725305,-2.3280405088003437,-2.720618110037597
22,cda0457b3f19dc5f,16800882232702200752,importer_procurement_bullwhip,14.341024351792523,14.183188287391628,11.39497200338476,-0.15783606440089493,-2.788216284006868,-2.946052348407763
23,99fe83fe7a61efee,5072631503236424711,importer_procurement_bullwhip,14.59191885544785,15.147648899027667,12.24786410001391,0.5557300435798176,-2.899784799013757,-2.3440547554339393
24,4734a950ab8deb19,1658852715428394783,importer_procurement_bullwhip,14.416058797244437,13.547492800823552,11.256491201720534,-0.8685659964208856,-2.2910015991030175,-3.159567595523903
25,38bb46dac36d9613,6198866614064143415,importer_procurement_bullwhip,16.463187609870417,15.860793343732096,11.827424558988735,-0.6023942661383206,-4.033368784743361,-4.635763050881682
26,73ca68e153b90efe,9131912532472506910,importer_procurement_bullwhip,15.785717853440701,15.741605776157218,12.864379250702559,-0.044112077283482876,-2.8772265254546596,-2.9213386027381425
27,486b37266eb85a7d,14506317473859213626,importer_procurement_bullwhip,15.260535734705817,14.066093537952447,11.371851975730321,-1.1944421967533696,-2.6942415622221265,-3.888683758975496
28,9819f468eaf7f2b2,4003950915694505269,importer_procurement_bullwhip,15.355339423229214,13.921949989006364,11.459421912702695,-1.4333894342228497,-2.46252807630367,-3.8959175105265196
29,8d1cdabbefbbd0aa,17863264377380044289,importer_procurement_bullwhip,14.553545670903155,14.470907802296017,11.36111326502061,-0.08263786860713829,-3.1097945372754072,-3.1924324058825455
30,a82cff0022fc77c1,1621636798392364146,importer_procurement_bullwhip,16.49046638540512,16.97188668727488,13.374603865588904,0.4814203018697576,-3.5972828216859742,-3.1158625198162166
31,5e05e6ad80459dbd,17689598413599291612,importer_procurement_bullwhip,16.532306621742084,15.889242587199986,13.005155577422494,-0.6430640345420979,-2.8840870097774918,-3.5271510443195897
32,000375070cfaad12,2376777246512708618,importer_procurement_bullwhip,15.939220272116405,16.168987572018107,13.195467268507487,0.22976729990170242,-2.97352030351062,-2.7437530036089175
33,4f91a9779584603d,14951634514475873699,importer_procurement_bullwhip,19.021637073633695,18.06740505796597,14.221221046399902,-0.9542320156677242,-3.846184011566068,-4.800416027233792
34,2672cb6c777c2643,3610653751272029061,importer_procurement_bullwhip,14.545706398254412,14.174811096283094,12.257290277569584,-0.37089530197131815,-1.917520818713509,-2.2884161206848272
35,24f7d9bb2ef8b38d,12487850631638145646,importer_procurement_bullwhip,16.60349186169976,15.756190489439108,12.803971563702774,-0.8473013722606506,-2.952218925736334,-3.7995202979969847
36,a22de8b4de8c8f1c,9532327372103029650,importer_procurement_bullwhip,15.0510435097922,15.199355301814979,12.207472448138827,0.14831179202277944,-2.9918828536761524,-2.843571061653373
37,6c4abba0cf79b5c5,6187122514881054771,importer_procurement_bullwhip,16.210723329033815,16.280581495351555,12.346866037319776,0.06985816631774,-3.933715458031779,-3.863857291714039
38,767bb6c753841eeb,8367747889328127822,importer_procurement_bullwhip,16.145220576232965,15.875811309506211,13.207073743747378,-0.269409266726754,-2.6687375657588337,-2.9381468324855877
39,9496564120f8cca4,15556817399082204522,importer_procurement_bullwhip,15.691363243520453,15.025459987184806,12.207900016646631,-0.6659032563356462,-2.8175599705381753,-3.4834632268738215
40,47355d2f5acddb5c,294372319131704418,importer_procurement_bullwhip,15.234238168894146,14.8375417272277,11.903456261337592,-0.396696441666446,-2.9340854658901083,-3.3307819075565543
41,0a262dd283dd6a86,17876885766379431511,importer_procurement_bullwhip,15.04829092122752,14.920744364884579,11.026765405986858,-0.1275465563429421,-3.893978958897721,-4.021525515240663
42,4948a5aebd04a486,13785562148271653969,importer_procurement_bullwhip,14.690325849835313,14.002436836387293,11.141267460175378,-0.6878890134480198,-2.8611693762119152,-3.549058389659935
43,0d83242ca36457c7,4582545520891971192,importer_procurement_bullwhip,14.929644335229705,14.247384199313007,11.209747591373311,-0.6822601359166978,-3.037636607939696,-3.7198967438563937
44,a4fc26c8e01425fb,9850046477131511879,importer_procurement_bullwhip,15.643439679701771,15.24636961683559,12.06315304095799,-0.39707006286618096,-3.1832165758775997,-3.5802866387437806
45,6e8d15f0b614b0c5,16007094931600741254,importer_procurement_bullwhip,15.266907982402556,14.583044089193228,12.475280338138527,-0.6838638932093275,-2.1077637510547014,-2.791627644264029
46,ea37cea8525453e6,16040166067369569384,importer_procurement_bullwhip,15.879595432463356,16.025611898305147,12.236981109727306,0.1460164658417913,-3.7886307885778407,-3.6426143227360495
47,8eb8f53b49b3d3e7,16542339274826354254,importer_procurement_bullwhip,14.299149211599735,13.845843877304443,11.47605584438898,-0.4533053342952922,-2.369788032915462,-2.8230933672107543
48,cf3fb765a545fb7c,6737943943382100808,importer_procurement_bullwhip,14.563695018185578,14.422328801829805,12.58951394791615,-0.14136621635577384,-1.8328148539136553,-1.9741810702694291
49,385531f86e4df34d,15744598175717554616,importer_procurement_bullwhip,15.82844672434193,16.29041520136634,14.31988629288722,0.4619684770244099,-1.9705289084791193,-1.5085604314547094
0,efd2bbd58a32d830,18154560826472160181,exporter_1_allocation_volatility,3.807069024145266,9.897283886971634,7.465374034300868,6.090214862826368,-2.431909852670766,3.6583050101556016
1,740d1ec64c17c25c,583025130916150325,exporter_1_allocation_volatility,4.269940720401283,11.275862952642004,8.164011728310845,7.005922232240722,-3.1118512243311596,3.894071007909562
2,48fc424fdbbeabe8,16398357247701834850,exporter_1_allocation_volatility,4.3576716365180905,9.34173681924653,7.090865965487409,4.984065182728439,-2.25087085375912,2.7331943289693186
3,c8bc873cc8d7bf0e,2269397296339111156,exporter_1_allocation_volatility,3.5961296736770096,9.076892289077799,6.6286911463134155,5.480762615400789,-2.4482011427643835,3.032561472636406
4,b53d2acad52e10d3,2106283565805583909,exporter_1_allocation_volatility,3.788242410100524,8.250134444535545,6.269329775722437,4.461892034435021,-1.980804668813108,2.4810873656219132
5,4c823eaf9c10986c,9494189234043139157,exporter_1_allocation_volatility,3.9661028777604725,8.677456784230738,6.654386486695295,4.711353906470266,-2.023070297535443,2.6882836089348228
6,0c4d8050dcfc561f,9175908689249402304,exporter_1_allocation_volatility,4.250470758291812,9.756493220647986,7.602483071629183,5.5060224623561735,-2.154010149018803,3.3520123133373705
7,b93c197452127748,18411039279325525482,exporter_1_allocation_volatility,3.7314702976069793,8.366035266982925,6.668369184942224,4.634564969375946,-1.6976660820407004,2.936898887335245
8,f3d93e6376548f3d,17412653627742288767,exporter_1_allocation_volatility,3.8624634888862195,8.94056555340301,7.231259764604293,5.0781020645167905,-1.7093057887987166,3.368796275718074
9,1b6a15e02bc2dfd9,14360288428696390321,exporter_1_allocation_volatility,3.3542157154771917,7.006963244360838,5.606040313786902,3.6527475288836464,-1.4009229305739357,2.2518245983097107
10,7c362520b9d279d5,707028829783831254,exporter_1_allocation_volatility,3.75191396823682,9.24953159279748,6.7822116436480755,5.497617624560659,-2.4673199491494042,3.0302976754112554
11,b3f61c340012ae31,2249076315507157767,exporter_1_allocation_volatility,3.8227146099631395,9.771183193135904,7.023823632919401,5.948468583172765,-2.7473595602165037,3.201109022956261
12,4d910d2eda1b7bc4,3215586943839124654,exporter_1_allocation_volatility,3.782551352924246,9.464549997754869,7.523383668096154,5.681998644830623,-1.9411663296587145,3.7408323151719083
13,1de37aa7f125f9c2,7848416998020336102,exporter_1_allocation_volatility,4.299871993187898,10.302467010602225,8.045365095444401,6.002595017414327,-2.2571019151578238,3.7454931022565034
14,bb1e91a2811da9e7,12637917950436599476,exporter_1_allocation_volatility,3.482227042092183,7.955163460282184,6.1757882038584295,4.472936418190001,-1.7793752564237542,2.6935611617662465
15,9c0e7d005f95b886,12631696581790737570,exporter_1_allocation_volatility,3.8539140973234267,9.111306645515869,6.715554064333855,5.257392548192442,-2.3957525811820144,2.861639967010428
16,2dde2186f7f297c8,15306973309152035735,exporter_1_allocation_volatility,3.8145445744506987,8.523234486214632,6.220923189343873,4.708689911763933,-2.3023112968707586,2.4063786148931743
17,7d27ea5a36015daa,11912966408235049794,exporter_1_allocation_volatility,4.2641137542026035,10.340429325072137,7.9828963129501105,6.076315570869533,-2.357533012122026,3.718782558747507
18,450638d687f99e16,13662181571893650717,exporter_1_allocation_volatility,4.0063051712725075,9.572284944992244,7.509276087347651,5.565979773719737,-2.0630088576445935,3.502970916075143
19,71dc83c60ef39a61,6716774480996898736,exporter_1_allocation_volatility,4.359762797583982,9.309058789888947,6.894525635586733,4.9492959923049655,-2.414533154302214,2.5347628380027514
20,f7d27eeb3e232b43,6074613405453781192,exporter_1_allocation_volatility,4.267238675485757,9.580874401522628,7.2377939460868035,5.313635726036871,-2.3430804554358247,2.9705552706010465
21,80cac39a6a93e25b,12656529146208048523,exporter_1_allocation_volatility,3.5091185699336607,8.287591993294068,6.316854783562872,4.778473423360408,-1.9707372097311966,2.807736213629211
22,cda0457b3f19dc5f,16800882232702200752,exporter_1_allocation_volatility,3.5852560879481308,8.749493735786908,6.624192278651779,5.164237647838777,-2.125301457135129,3.038936190703648
23,99fe83fe7a61efee,5072631503236424711,exporter_1_allocation_volatility,3.6479797138619623,9.06444295649978,6.8593882756651725,5.416463242637818,-2.205054680834608,3.21140856180321
24,4734a950ab8deb19,1658852715428394783,exporter_1_allocation_volatility,3.6040146993111093,8.401221001516735,6.528136159351996,4.797206302205625,-1.8730848421647384,2.924121460040887
25,38bb46dac36d9613,6198866614064143415,exporter_1_allocation_volatility,4.115796902467604,9.405570286304368,7.202461104907501,5.2897733838367635,-2.203109181396867,3.0866642024398967
26,73ca68e153b90efe,9131912532472506910,exporter_1_allocation_volatility,3.9464294633601753,10.887214320165114,7.954413690608988,6.940784856804939,-2.9328006295561257,4.007984227248813
27,486b37266eb85a7d,14506317473859213626,exporter_1_allocation_volatility,3.8151339336764543,8.664165949830604,6.77870641704417,4.849032016154149,-1.8854595327864336,2.963572483367716
28,9819f468eaf7f2b2,4003950915694505269,exporter_1_allocation_volatility,3.8388348558073035,8.062959340327172,6.463272235984261,4.224124484519868,-1.5996871043429106,2.624437380176958
29,8d1cdabbefbbd0aa,17863264377380044289,exporter_1_allocation_volatility,3.6383864177257887,8.551575858523396,6.4646042467777605,4.913189440797607,-2.0869716117456356,2.8262178290519717
30,a82cff0022fc77c1,1621636798392364146,exporter_1_allocation_volatility,4.12261659635128,10.080581042952792,7.826535945569849,5.957964446601512,-2.254045097382943,3.7039193492185687
31,5e05e6ad80459dbd,17689598413599291612,exporter_1_allocation_volatility,4.133076655435521,8.556334431118803,7.127834527369018,4.423257775683282,-1.4284999037497847,2.994757871933497
32,000375070cfaad12,2376777246512708618,exporter_1_allocation_volatility,3.984805068029101,8.129027858659844,6.7589259661442345,4.144222790630743,-1.3701018925156099,2.7741208981151333
33,4f91a9779584603d,14951634514475873699,exporter_1_allocation_volatility,4.755409268408424,9.654151318166738,7.077102586720619,4.898742049758314,-2.5770487314461192,2.321693318312195
34,2672cb6c777c2643,3610653751272029061,exporter_1_allocation_volatility,3.636426599563603,7.57660303419732,6.228363776254642,3.940176434633717,-1.3482392579426783,2.591937176691039
35,24f7d9bb2ef8b38d,12487850631638145646,exporter_1_allocation_volatility,4.15087296542494,9.583933158432743,7.2778030090515635,5.433060193007803,-2.306130149381179,3.126930043626624
36,a22de8b4de8c8f1c,9532327372103029650,exporter_1_allocation_volatility,3.76276087744805,7.676156639823027,6.181517859352328,3.9133957623749773,-1.4946387804706989,2.4187569819042785
37,6c4abba0cf79b5c5,6187122514881054771,exporter_1_allocation_volatility,4.052680832258454,9.205635383897462,6.992715895316285,5.1529545516390085,-2.2129194885811776,2.940035063057831
38,767bb6c753841eeb,8367747889328127822,exporter_1_allocation_volatility,4.036305144058241,9.485244335695262,7.426553998851117,5.44893919163702,-2.058690336844145,3.3902488547928753
39,9496564120f8cca4,15556817399082204522,exporter_1_allocation_volatility,3.922840810880113,10.267719998838205,7.926363994610245,6.3448791879580915,-2.3413560042279595,4.003523183730132
40,47355d2f5acddb5c,294372319131704418,exporter_1_allocation_volatility,3.8085595422235365,9.92270038768685,7.805355232342811,6.114140845463314,-2.117345155344039,3.9967956901192747
41,0a262dd283dd6a86,17876885766379431511,exporter_1_allocation_volatility,3.76207273030688,9.129931538232785,6.647373829552479,5.367858807925906,-2.4825577086803063,2.885301099245599
42,4948a5aebd04a486,13785562148271653969,exporter_1_allocation_volatility,3.672581462458828,8.79995114411197,6.637982910423973,5.127369681653143,-2.1619682336879977,2.9654014479651445
43,0d83242ca36457c7,4582545520891971192,exporter_1_allocation_volatility,3.7324110838074263,8.426019616744494,6.321534183522321,4.693608532937068,-2.104485433222173,2.5891230997148944
44,a4fc26c8e01425fb,9850046477131511879,exporter_1_allocation_volatility,3.910859919925443,10.124604928575186,7.813204959819862,6.213745008649743,-2.3113999687553246,3.902345039894419
45,6e8d15f0b614b0c5,16007094931600741254,exporter_1_allocation_volatility,3.816726995600639,8.97544348874017,6.817565621081528,5.158716493139531,-2.1578778676586428,3.0008386254808888
46,ea37cea8525453e6,16040166067369569384,exporter_1_allocation_volatility,3.969898858115839,8.001183814923872,6.209438953644414,4.031284956808033,-1.791744861279458,2.2395400955285747
47,8eb8f53b49b3d3e7,16542339274826354254,exporter_1_allocation_volatility,3.5747873028999337,7.056988423536811,5.456404833897063,3.4822011206368777,-1.600583589639748,1.8816175309971297
48,cf3fb765a545fb7c,6737943943382100808,exporter_1_allocation_volatility,3.6409237545463946,9.225444900182,7.281664830096457,5.584521145635605,-1.943780070085543,3.640741075550062
49,385531f86e4df34d,15744598175717554616,exporter_1_allocation_volatility,3.9571116810854825,9.371459263503636,7.368883011257003,5.414347582418154,-2.0025762522466337,3.4117713301715202
0,efd2bbd58a32d830,18154560826472160181,exporter_2_allocation_volatility,3.807069024145266,9.286358998649323,6.855876740799998,5.4792899745040575,-2.4304822578493255,3.0488077166547316
1,740d1ec64c17c25c,583025130916150325,exporter_2_allocation_volatility,4.269940720401283,10.663246214607426,8.00250112238487,6.393305494206143,-2.6607450922225553,3.732560401983588
2,48fc424fdbbeabe8,16398357247701834850,exporter_2_allocation_volatility,4.3576716365180905,10.052122596206114,7.66524227368693,5.694450959688024,-2.3868803225191844,3.3075706371688396
3,c8bc873cc8d7bf0e,2269397296339111156,exporter_2_allocation_volatility,3.5961296736770096,8.093272755371006,6.298305663972668,4.497143081693996,-1.7949670913983375,2.7021759902956584
4,b53d2acad52e10d3,2106283565805583909,exporter_2_allocation_volatility,3.788242410100524,8.766650203243486,6.947609155070238,4.978407793142962,-1.819041048173248,3.1593667449697143
5,4c823eaf9c10986c,9494189234043139157,exporter_2_allocation_volatility,3.9661028777604725,8.977202542364905,6.82308963060582,5.011099664604433,-2.1541129117590847,2.856986752845348
6,0c4d8050dcfc561f,9175908689249402304,exporter_2_allocation_volatility,4.250470758291812,10.33503872457706,8.08895868504866,6.084567966285248,-2.246080039528401,3.838487926756847
7,b93c197452127748,18411039279325525482,exporter_2_allocation_volatility,3.7314702976069793,8.054531450390495,6.294672088985793,4.3230611527835165,-1.7598593614047022,2.563201791378814
8,f3d93e6376548f3d,17412653627742288767,exporter_2_allocation_volatility,3.8624634888862195,8.733193766950572,6.542410757074698,4.870730278064353,-2.190783009875874,2.679947268188479
9,1b6a15e02bc2dfd9,14360288428696390321,exporter_2_allocation_volatility,3.3542157154771917,7.557626050370485,6.373779602031335,4.203410334893293,-1.1838464483391498,3.019563886554143
10,7c362520b9d279d5,707028829783831254,exporter_2_allocation_volatility,3.75191396823682,8.530886037745262,6.845643462157594,4.778972069508441,-1.6852425755876679,3.093729493920774
11,b3f61c340012ae31,2249076315507157767,exporter_2_allocation_volatility,3.8227146099631395,9.31883455210465,7.105831138155496,5.496119942141512,-2.2130034139491546,3.2831165281923567
12,4d910d2eda1b7bc4,3215586943839124654,exporter_2_allocation_volatility,3.782551352924246,7.968811649180139,6.287472326148987,4.186260296255893,-1.6813393230311515,2.504920973224741
13,1de37aa7f125f9c2,7848416998020336102,exporter_2_allocation_volatility,4.299871993187898,10.682392004360178,8.466337455647457,6.38252001117228,-2.2160545487127212,4.166465462459559
14,bb1e91a2811da9e7,12637917950436599476,exporter_2_allocation_volatility,3.482227042092183,8.320830417994008,6.378812570956012,4.838603375901825,-1.942017847037996,2.896585528863829
15,9c0e7d005f95b886,12631696581790737570,exporter_2_allocation_volatility,3.8539140973234267,8.88915559192137,6.6995443417071225,5.035241494597942,-2.189611250214247,2.845630244383696
16,2dde2186f7f297c8,15306973309152035735,exporter_2_allocation_volatility,3.8145445744506987,10.615611351508745,7.716250638384206,6.801066777058047,-2.8993607131245387,3.9017060639335077
17,7d27ea5a36015daa,11912966408235049794,exporter_2_allocation_volatility,4.2641137542026035,9.86577738695071,7.564212686477138,5.601663632748106,-2.3015647004735715,3.300098932274534
18,450638d687f99e16,13662181571893650717,exporter_2_allocation_volatility,4.0063051712725075,10.013899506155326,7.0342697661953535,6.0075943348828185,-2.9796297399599725,3.027964594922846
19,71dc83c60ef39a61,6716774480996898736,exporter_2_allocation_volatility,4.359762797583982,9.997175540949636,8.101781631247421,5.637412743365654,-1.8953939097022143,3.7420188336634395
20,f7d27eeb3e232b43,6074613405453781192,exporter_2_allocation_volatility,4.267238675485757,9.686694087369768,7.165811824751155,5.419455411884011,-2.5208822626186125,2.898573149265398
21,80cac39a6a93e25b,12656529146208048523,exporter_2_allocation_volatility,3.5091185699336607,8.65779697773527,6.8241651171157125,5.14867840780161,-1.8336318606195574,3.315046547182052
22,cda0457b3f19dc5f,16800882232702200752,exporter_2_allocation_volatility,3.5852560879481308,8.851582305721854,6.982744882743636,5.266326217773723,-1.8688374229782179,3.397488794795505
23,99fe83fe7a61efee,5072631503236424711,exporter_2_allocation_volatility,3.6479797138619623,8.992128026860085,7.408369094489145,5.344148312998122,-1.58375893237094,3.7603893806271826
24,4734a950ab8deb19,1658852715428394783,exporter_2_allocation_volatility,3.6040146993111093,8.557295148600902,6.806197566792301,4.953280449289792,-1.751097581808601,3.202182867481192
25,38bb46dac36d9613,6198866614064143415,exporter_2_allocation_volatility,4.115796902467604,10.12153848572544,7.300042135061091,6.005741583257835,-2.821496350664349,3.1842452325934865
26,73ca68e153b90efe,9131912532472506910,exporter_2_allocation_volatility,3.9464294633601753,10.079112695652112,7.7184251840196545,6.132683232291937,-2.3606875116324577,3.771995720659479
27,486b37266eb85a7d,14506317473859213626,exporter_2_allocation_volatility,3.8151339336764543,8.777172701229494,6.89116927343549,4.9620387675530395,-1.8860034277940043,3.0760353397590356
28,9819f468eaf7f2b2,4003950915694505269,exporter_2_allocation_volatility,3.8388348558073035,9.756242437807504,7.192869267149049,5.917407582000201,-2.5633731706584557,3.354034411341745
29,8d1cdabbefbbd0aa,17863264377380044289,exporter_2_allocation_volatility,3.6383864177257887,8.403165966285789,6.545476280907359,4.76477954856,-1.8576896853784302,2.90708986318157
30,a82cff0022fc77c1,1621636798392364146,exporter_2_allocation_volatility,4.12261659635128,9.837500156536377,7.3454037578597395,5.714883560185097,-2.4920963986766376,3.2227871615084593
31,5e05e6ad80459dbd,17689598413599291612,exporter_2_allocation_volatility,4.133076655435521,10.661569059167878,7.949726722042887,6.528492403732357,-2.711842337124991,3.816650066607366
32,000375070cfaad12,2376777246512708618,exporter_2_allocation_volatility,3.984805068029101,8.519558958619449,6.510876894890339,4.5347538905903475,-2.0086820637291094,2.526071826861238
33,4f91a9779584603d,14951634514475873699,exporter_2_allocation_volatility,4.755409268408424,11.67997387283551,8.853169133725798,6.924564604427085,-2.8268047391097113,4.097759865317374
34,2672cb6c777c2643,3610653751272029061,exporter_2_allocation_volatility,3.636426599563603,8.785635575429959,7.314859999601627,5.149208975866356,-1.4707755758283323,3.6784334000380237
35,24f7d9bb2ef8b38d,12487850631638145646,exporter_2_allocation_volatility,4.15087296542494,9.811065162425365,7.81417470305011,5.660192197000425,-1.9968904593752548,3.6633017376251704
36,a22de8b4de8c8f1c,9532327372103029650,exporter_2_allocation_volatility,3.76276087744805,9.725755686302222,7.368946285590846,5.962994808854171,-2.3568094007113753,3.6061854081427964
37,6c4abba0cf79b5c5,6187122514881054771,exporter_2_allocation_volatility,4.052680832258454,10.091969973396363,7.431343632906087,6.0392891411379095,-2.6606263404902766,3.378662800647633
38,767bb6c753841eeb,8367747889328127822,exporter_2_allocation_volatility,4.036305144058241,9.785733054109887,7.738676390535755,5.749427910051645,-2.047056663574132,3.7023712464775134
39,9496564120f8cca4,15556817399082204522,exporter_2_allocation_volatility,3.922840810880113,9.017215725893722,6.670570713817025,5.094374915013609,-2.3466450120766975,2.7477299029369116
40,47355d2f5acddb5c,294372319131704418,exporter_2_allocation_volatility,3.8085595422235365,8.699199938963389,6.8045494363050185,4.890640396739853,-1.8946505026583704,2.995989894081482
41,0a262dd283dd6a86,17876885766379431511,exporter_2_allocation_volatility,3.76207273030688,9.02531450588164,6.834768246263076,5.263241775574761,-2.1905462596185643,3.072695515956196
42,4948a5aebd04a486,13785562148271653969,exporter_2_allocation_volatility,3.672581462458828,8.530259219532532,6.7915214387959,4.857677757073704,-1.7387377807366313,3.118939976337072
43,0d83242ca36457c7,4582545520891971192,exporter_2_allocation_volatility,3.7324110838074263,8.64748266171292,6.453216938612442,4.915071577905493,-2.194265723100477,2.720805854805016
44,a4fc26c8e01425fb,9850046477131511879,exporter_2_allocation_volatility,3.910859919925443,8.722899103862277,6.667081145097461,4.812039183936834,-2.055817958764816,2.756221225172018
45,6e8d15f0b614b0c5,16007094931600741254,exporter_2_allocation_volatility,3.816726995600639,8.390879400450405,6.717381914394483,4.574152404849766,-1.673497486055922,2.9006549187938444
46,ea37cea8525453e6,16040166067369569384,exporter_2_allocation_volatility,3.969898858115839,9.64599514352951,7.601617197898119,5.676096285413671,-2.04437794563139,3.6317183397822803
47,8eb8f53b49b3d3e7,16542339274826354254,exporter_2_allocation_volatility,3.5747873028999337,8.500724260600386,6.5948769908812634,4.925936957700452,-1.9058472697191222,3.0200896879813297
48,cf3fb765a545fb7c,6737943943382100808,exporter_2_allocation_volatility,3.6409237545463946,8.342647859427853,6.557387532016177,4.701724104881459,-1.7852603274116756,2.9164637774697826
49,385531f86e4df34d,15744598175717554616,exporter_2_allocation_volatility,3.9571116810854825,9.799220664226297,8.136272662944576,5.842108983140815,-1.6629480012817215,4.179160981859093
0,efd2bbd58a32d830,18154560826472160181,exporter_1_readiness_volatility,5.338567918500915,7.122081574579315,7.465374034300868,1.7835136560784006,0.3432924597215523,2.126806115799953
1,740d1ec64c17c25c,583025130916150325,exporter_1_readiness_volatility,5.81729574225766,7.498872771175876,8.164011728310845,1.6815770289182153,0.6651389571349693,2.3467159860531845
2,48fc424fdbbeabe8,16398357247701834850,exporter_1_readiness_volatility,5.573619904522795,7.138144450966387,7.090865965487409,1.5645245464435922,-0.04727848547897828,1.517246060964614
3,c8bc873cc8d7bf0e,2269397296339111156,exporter_1_readiness_volatility,4.847975519488463,6.507136141461436,6.6286911463134155,1.6591606219729735,0.12155500485197912,1.7807156268249527
4,b53d2acad52e10d3,2106283565805583909,exporter_1_readiness_volatility,4.76088790154086,6.383034745467506,6.269329775722437,1.6221468439266458,-0.1137049697450685,1.5084418741815773
5,4c823eaf9c10986c,9494189234043139157,exporter_1_readiness_volatility,5.1579433569418836,6.859641896142352,6.654386486695295,1.7016985392004687,-0.2052554094470569,1.4964431297534118
6,0c4d8050dcfc561f,9175908689249402304,exporter_1_readiness_volatility,5.582946975421576,7.086939509198611,7.602483071629183,1.5039925337770352,0.5155435624305715,2.0195360962076068
7,b93c197452127748,18411039279325525482,exporter_1_readiness_volatility,4.874653503104692,6.524563845873785,6.668369184942224,1.6499103427690933,0.1438053390684395,1.7937156818375328
8,f3d93e6376548f3d,17412653627742288767,exporter_1_readiness_volatility,5.175132677764736,6.841587153088641,7.231259764604293,1.6664544753239046,0.38967261151565236,2.056127086839557
9,1b6a15e02bc2dfd9,14360288428696390321,exporter_1_readiness_volatility,4.65478350141598,5.971511610011496,5.606040313786902,1.316728108595516,-0.3654712962245936,0.9512568123709224
10,7c362520b9d279d5,707028829783831254,exporter_1_readiness_volatility,5.2857532267213,6.883206688634273,6.7822116436480755,1.5974534619129725,-0.10099504498619716,1.4964584169267754
11,b3f61c340012ae31,2249076315507157767,exporter_1_readiness_volatility,5.095818057290277,6.733325288054244,7.023823632919401,1.6375072307639673,0.29049834486515635,1.9280055756291237
12,4d910d2eda1b7bc4,3215586943839124654,exporter_1_readiness_volatility,4.9745295372101745,6.931362373154574,7.523383668096154,1.9568328359443994,0.5920212949415804,2.54885413088598
13,1de37aa7f125f9c2,7848416998020336102,exporter_1_readiness_volatility,5.288003505483376,6.730111788101879,8.045365095444401,1.442108282618503,1.3152533073425223,2.7573615899610253
14,bb1e91a2811da9e7,12637917950436599476,exporter_1_readiness_volatility,4.674049761538112,6.353110279063916,6.1757882038584295,1.6790605175258042,-0.17732207520548648,1.5017384423203177
15,9c0e7d005f95b886,12631696581790737570,exporter_1_readiness_volatility,4.949808987840909,6.71887856752486,6.715554064333855,1.7690695796839515,-0.0033245031910054124,1.765745076492946
16,2dde2186f7f297c8,15306973309152035735,exporter_1_readiness_volatility,4.930691933073651,6.336973120131427,6.220923189343873,1.4062811870577763,-0.11604993078755399,1.2902312562702223
17,7d27ea5a36015daa,11912966408235049794,exporter_1_readiness_volatility,5.5284989613709214,7.575031542431608,7.9828963129501105,2.0465325810606867,0.40786477051850234,2.454397351579189
18,450638d687f99e16,13662181571893650717,exporter_1_readiness_volatility,5.2672378121272745,6.812162190344705,7.509276087347651,1.5449243782174307,0.6971138970029456,2.2420382752203762
19,71dc83c60ef39a61,6716774480996898736,exporter_1_readiness_volatility,5.392782878940206,7.214681433774749,6.894525635586733,1.8218985548345428,-0.32015579818801587,1.501742756646527
20,f7d27eeb3e232b43,6074613405453781192,exporter_1_readiness_volatility,5.312095244693514,6.861436682504265,7.2377939460868035,1.5493414378107513,0.3763572635825385,1.9256987013932898
21,80cac39a6a93e25b,12656529146208048523,exporter_1_readiness_volatility,4.706976298412557,6.265548052873359,6.316854783562872,1.558571754460802,0.05130673068951275,1.6098784851503147
22,cda0457b3f19dc5f,16800882232702200752,exporter_1_readiness_volatility,4.779307899222446,6.347706329169955,6.624192278651779,1.5683984299475089,0.2764859494818239,1.8448843794293328
23,99fe83fe7a61efee,5072631503236424711,exporter_1_readiness_volatility,4.765130023498523,6.556712872486317,6.8593882756651725,1.7915828489877939,0.30267540317885544,2.0942582521666493
24,4734a950ab8deb19,1658852715428394783,exporter_1_readiness_volatility,4.7784147736186515,6.239036236173122,6.528136159351996,1.460621462554471,0.289099923178874,1.749721385733345
25,38bb46dac36d9613,6198866614064143415,exporter_1_readiness_volatility,5.049855674141128,6.654299405246708,7.202461104907501,1.6044437311055804,0.5481616996607928,2.152605430766373
26,73ca68e153b90efe,9131912532472506910,exporter_1_readiness_volatility,5.517346010146422,7.3116846053360485,7.954413690608988,1.7943385951896262,0.6427290852729399,2.437067680462566
27,486b37266eb85a7d,14506317473859213626,exporter_1_readiness_volatility,5.032985298035649,6.258813463603888,6.77870641704417,1.225828165568239,0.5198929534402827,1.7457211190085218
28,9819f468eaf7f2b2,4003950915694505269,exporter_1_readiness_volatility,4.867795568129018,6.132121358398003,6.463272235984261,1.2643257902689857,0.33115087758625794,1.5954766678552437
29,8d1cdabbefbbd0aa,17863264377380044289,exporter_1_readiness_volatility,4.733059434434404,6.247296493554312,6.4646042467777605,1.5142370591199077,0.21730775322344886,1.7315448123433566
30,a82cff0022fc77c1,1621636798392364146,exporter_1_readiness_volatility,5.3323608654137304,7.232602057198619,7.826535945569849,1.9002411917848887,0.5939338883712297,2.4941750801561184
31,5e05e6ad80459dbd,17689598413599291612,exporter_1_readiness_volatility,5.414256734550142,6.939388155340486,7.127834527369018,1.5251314207903448,0.18844637202853143,1.7135777928188762
32,000375070cfaad12,2376777246512708618,exporter_1_readiness_volatility,5.00906002668717,6.851393791835244,6.7589259661442345,1.8423337651480747,-0.09246782569100986,1.7498659394570648
33,4f91a9779584603d,14951634514475873699,exporter_1_readiness_volatility,5.99493665166607,7.803303437605311,7.077102586720619,1.8083667859392412,-0.726200850884692,1.0821659350545492
34,2672cb6c777c2643,3610653751272029061,exporter_1_readiness_volatility,4.664247495304845,6.0846620564513705,6.228363776254642,1.4204145611465258,0.1437017198032713,1.564116280949797
35,24f7d9bb2ef8b38d,12487850631638145646,exporter_1_readiness_volatility,5.514489368393271,7.073288533182717,7.2778030090515635,1.5587991647894466,0.2045144758688462,1.7633136406582928
36,a22de8b4de8c8f1c,9532327372103029650,exporter_1_readiness_volatility,4.8618283977833086,6.471378977003807,6.181517859352328,1.6095505792204987,-0.28986111765147893,1.3196894615690198
37,6c4abba0cf79b5c5,6187122514881054771,exporter_1_readiness_volatility,5.275410450320178,7.029414428517493,6.992715895316285,1.7540039781973142,-0.03669853320120797,1.7173054449961063
38,767bb6c753841eeb,8367747889328127822,exporter_1_readiness_volatility,5.204073967437947,6.873482948445128,7.426553998851117,1.669408981007181,0.5530710504059888,2.22248003141317
39,9496564120f8cca4,15556817399082204522,exporter_1_readiness_volatility,5.339242955455194,7.037618784994804,7.926363994610245,1.6983758295396107,0.8887452096154407,2.5871210391550514
40,47355d2f5acddb5c,294372319131704418,exporter_1_readiness_volatility,4.948218478910311,6.480843540742642,7.805355232342811,1.5326250618323307,1.3245116916001693,2.8571367534325
41,0a262dd283dd6a86,17876885766379431511,exporter_1_readiness_volatility,4.999291661469113,6.6522386186191085,6.647373829552479,1.6529469571499957,-0.004864789066629349,1.6480821680833664
42,4948a5aebd04a486,13785562148271653969,exporter_1_readiness_volatility,4.980604628234884,6.429890727602542,6.637982910423973,1.449286099367658,0.2080921828214306,1.6573782821890886
43,0d83242ca36457c7,4582545520891971192,exporter_1_readiness_volatility,4.7471898869912215,6.283993555487677,6.321534183522321,1.5368036684964554,0.03754062803464375,1.5743442965310992
44,a4fc26c8e01425fb,9850046477131511879,exporter_1_readiness_volatility,5.351907646739308,7.067515343055319,7.813204959819862,1.7156076963160105,0.745689616764543,2.4612973130805536
45,6e8d15f0b614b0c5,16007094931600741254,exporter_1_readiness_volatility,5.0457383564736675,6.505199924044266,6.817565621081528,1.4594615675705986,0.31236569703726147,1.77182726460786
46,ea37cea8525453e6,16040166067369569384,exporter_1_readiness_volatility,5.0486866136469875,6.86347070648594,6.209438953644414,1.814784092838953,-0.6540317528415267,1.1607523399974262
47,8eb8f53b49b3d3e7,16542339274826354254,exporter_1_readiness_volatility,4.420245978782264,5.860840867558966,5.456404833897063,1.440594888776702,-0.4044360336619022,1.0361588551147998
48,cf3fb765a545fb7c,6737943943382100808,exporter_1_readiness_volatility,4.9378666679719325,6.483330166311771,7.281664830096457,1.5454634983398385,0.7983346637846855,2.343798162124524
49,385531f86e4df34d,15744598175717554616,exporter_1_readiness_volatility,5.088880142902004,6.912673662220966,7.368883011257003,1.8237935193189623,0.4562093490360368,2.280002868354999
0,efd2bbd58a32d830,18154560826472160181,exporter_2_readiness_volatility,5.19933414152946,6.861595504413824,6.855876740799998,1.6622613628843643,-0.005718763613826283,1.656542599270538
1,740d1ec64c17c25c,583025130916150325,exporter_2_readiness_volatility,5.620330811191579,7.4419127506610385,8.00250112238487,1.8215819394694597,0.5605883717238322,2.382170311193292
2,48fc424fdbbeabe8,16398357247701834850,exporter_2_readiness_volatility,5.607169054684969,7.421845132732581,7.66524227368693,1.8146760780476114,0.2433971409543494,2.058073219001961
3,c8bc873cc8d7bf0e,2269397296339111156,exporter_2_readiness_volatility,5.041493206589898,6.551651340212006,6.298305663972668,1.5101581336221077,-0.2533456762393378,1.25681245738277
4,b53d2acad52e10d3,2106283565805583909,exporter_2_readiness_volatility,4.922560647286523,6.572448709596543,6.947609155070238,1.64988806231002,0.3751604454736954,2.0250485077837155
5,4c823eaf9c10986c,9494189234043139157,exporter_2_readiness_volatility,5.236336681423034,6.9457837545482874,6.82308963060582,1.7094470731252533,-0.12269412394246704,1.5867529491827863
6,0c4d8050dcfc561f,9175908689249402304,exporter_2_readiness_volatility,5.509066985806251,7.285043922049193,8.08895868504866,1.7759769362429427,0.8039147629994661,2.579891699242409
7,b93c197452127748,18411039279325525482,exporter_2_readiness_volatility,4.909852994312651,6.548943173641648,6.294672088985793,1.6390901793289974,-0.2542710846558549,1.3848190946731425
8,f3d93e6376548f3d,17412653627742288767,exporter_2_readiness_volatility,5.10021826634418,6.860132312151042,6.542410757074698,1.7599140458068616,-0.3177215550763437,1.442192490730518
9,1b6a15e02bc2dfd9,14360288428696390321,exporter_2_readiness_volatility,4.518535794204599,5.801528686438217,6.373779602031335,1.2829928922336178,0.5722509155931181,1.855243807826736
10,7c362520b9d279d5,707028829783831254,exporter_2_readiness_volatility,4.867601576813527,6.437378155312597,6.845643462157594,1.56977657849907,0.4082653068449966,1.9780418853440667
11,b3f61c340012ae31,2249076315507157767,exporter_2_readiness_volatility,4.836568653720704,6.576425039749458,7.105831138155496,1.7398563860287544,0.5294060984060378,2.269262484434792
12,4d910d2eda1b7bc4,3215586943839124654,exporter_2_readiness_volatility,4.8598258675260615,6.828590806695783,6.287472326148987,1.9687649391697217,-0.5411184805467961,1.4276464586229256
13,1de37aa7f125f9c2,7848416998020336102,exporter_2_readiness_volatility,5.220736402976294,6.7382426677584375,8.466337455647457,1.5175062647821438,1.7280947878890194,3.245601052671163
14,bb1e91a2811da9e7,12637917950436599476,exporter_2_readiness_volatility,4.880786795046107,6.502983588180789,6.378812570956012,1.6221967931346821,-0.12417101722477675,1.4980257759099054
15,9c0e7d005f95b886,12631696581790737570,exporter_2_readiness_volatility,5.053317701418784,6.751547106800997,6.6995443417071225,1.6982294053822127,-0.05200276509387436,1.6462266402883383
16,2dde2186f7f297c8,15306973309152035735,exporter_2_readiness_volatility,5.263864384768949,6.760003093187169,7.716250638384206,1.4961387084182203,0.9562475451970371,2.4523862536152574
17,7d27ea5a36015daa,11912966408235049794,exporter_2_readiness_volatility,5.560200072313205,7.492522978298106,7.564212686477138,1.9323229059849005,0.07168970817903197,2.0040126141639325
18,450638d687f99e16,13662181571893650717,exporter_2_readiness_volatility,5.0668279782376295,6.7859304422706765,7.0342697661953535,1.719102464033047,0.24833932392467695,1.967441787957724
19,71dc83c60ef39a61,6716774480996898736,exporter_2_readiness_volatility,5.672733290275648,7.582199192158536,8.101781631247421,1.9094659018828883,0.519582439088885,2.4290483409717734
20,f7d27eeb3e232b43,6074613405453781192,exporter_2_readiness_volatility,5.373508834295642,6.8574628559088335,7.165811824751155,1.483954021613192,0.30834896884232155,1.7923029904555134
21,80cac39a6a93e25b,12656529146208048523,exporter_2_readiness_volatility,4.809592434404495,6.400533965336783,6.8241651171157125,1.5909415309322883,0.4236311517789293,2.0145726827112176
22,cda0457b3f19dc5f,16800882232702200752,exporter_2_readiness_volatility,4.852020422562978,6.501309117440166,6.982744882743636,1.649288694877188,0.48143576530346976,2.130724460180658
23,99fe83fe7a61efee,5072631503236424711,exporter_2_readiness_volatility,4.8077430811490895,6.446701508050221,7.408369094489145,1.638958426901131,0.9616675864389244,2.6006260133400554
24,4734a950ab8deb19,1658852715428394783,exporter_2_readiness_volatility,4.884924921102673,6.207209426839031,6.806197566792301,1.3222845057363584,0.5989881399532697,1.921272645689628
25,38bb46dac36d9613,6198866614064143415,exporter_2_readiness_volatility,5.253460270912674,6.846282055902339,7.300042135061091,1.592821784989665,0.4537600791587515,2.0465818641484166
26,73ca68e153b90efe,9131912532472506910,exporter_2_readiness_volatility,5.313941541363501,6.9857138935647916,7.7184251840196545,1.6717723522012902,0.7327112904548629,2.404483642656153
27,486b37266eb85a7d,14506317473859213626,exporter_2_readiness_volatility,4.900604101722866,6.257964020457353,6.89116927343549,1.3573599187344865,0.6332052529781373,1.9905651717126238
28,9819f468eaf7f2b2,4003950915694505269,exporter_2_readiness_volatility,5.061155667819023,6.313656676918928,7.192869267149049,1.2525010090999054,0.8792125902301207,2.131713599330026
29,8d1cdabbefbbd0aa,17863264377380044289,exporter_2_readiness_volatility,4.722322879464088,6.25024651263817,6.545476280907359,1.5279236331740815,0.2952297682691887,1.8231534014432702
30,a82cff0022fc77c1,1621636798392364146,exporter_2_readiness_volatility,5.25403889646016,7.124510571740496,7.3454037578597395,1.8704716752803359,0.2208931861192438,2.0913648613995797
31,5e05e6ad80459dbd,17689598413599291612,exporter_2_readiness_volatility,5.493834686241894,7.311983003004397,7.949726722042887,1.8181483167625032,0.6377437190384896,2.455892035800993
32,000375070cfaad12,2376777246512708618,exporter_2_readiness_volatility,5.2012585357050565,6.89247779050943,6.510876894890339,1.6912192548043734,-0.3816008956190906,1.3096183591852828
33,4f91a9779584603d,14951634514475873699,exporter_2_readiness_volatility,6.188468673272717,8.186530808198956,8.853169133725798,1.998062134926239,0.6666383255268418,2.664700460453081
34,2672cb6c777c2643,3610653751272029061,exporter_2_readiness_volatility,4.914722131678005,6.515076266437884,7.314859999601627,1.600354134759879,0.7997837331637427,2.400137867923622
35,24f7d9bb2ef8b38d,12487850631638145646,exporter_2_readiness_volatility,5.434757495109968,7.048212611735777,7.81417470305011,1.6134551166258086,0.765962091314333,2.3794172079401417
36,a22de8b4de8c8f1c,9532327372103029650,exporter_2_readiness_volatility,5.086173837556035,6.9272996001432245,7.368946285590846,1.8411257625871897,0.44164668544762176,2.2827724480348115
37,6c4abba0cf79b5c5,6187122514881054771,exporter_2_readiness_volatility,5.381505882111231,7.256096109653801,7.431343632906087,1.87459022754257,0.17524752325228565,2.0498377507948558
38,767bb6c753841eeb,8367747889328127822,exporter_2_readiness_volatility,5.3706174471193435,7.016333699519949,7.738676390535755,1.6457162524006055,0.7223426910158057,2.368058943416411
39,9496564120f8cca4,15556817399082204522,exporter_2_readiness_volatility,5.129971403771241,6.656809759283155,6.670570713817025,1.5268383555119147,0.013760954533869274,1.540599310045784
40,47355d2f5acddb5c,294372319131704418,exporter_2_readiness_volatility,4.858402222420848,6.284188166397225,6.8045494363050185,1.4257859439763774,0.5203612699077933,1.9461472138841707
41,0a262dd283dd6a86,17876885766379431511,exporter_2_readiness_volatility,4.874339621132035,6.561670161173108,6.834768246263076,1.6873305400410734,0.273098085089968,1.9604286251310414
42,4948a5aebd04a486,13785562148271653969,exporter_2_readiness_volatility,4.938691414755947,6.393991014744511,6.7915214387959,1.4552995999885638,0.3975304240513893,1.8528300240399531
43,0d83242ca36457c7,4582545520891971192,exporter_2_readiness_volatility,4.980029315252895,6.435774569383108,6.453216938612442,1.4557452541302132,0.017442369229334176,1.4731876233595473
44,a4fc26c8e01425fb,9850046477131511879,exporter_2_readiness_volatility,5.18421286518847,6.757853219514935,6.667081145097461,1.5736403543264652,-0.09077207441747426,1.482868279908991
45,6e8d15f0b614b0c5,16007094931600741254,exporter_2_readiness_volatility,4.982104621172019,6.492425624815426,6.717381914394483,1.5103210036434067,0.22495628957905733,1.735277293222464
46,ea37cea8525453e6,16040166067369569384,exporter_2_readiness_volatility,5.206350448379278,7.044671790174592,7.601617197898119,1.8383213417953135,0.5569454077235276,2.395266749518841
47,8eb8f53b49b3d3e7,16542339274826354254,exporter_2_readiness_volatility,4.549162077421106,6.172907730705868,6.5948769908812634,1.6237456532847618,0.4219692601753957,2.0457149134601575
48,cf3fb765a545fb7c,6737943943382100808,exporter_2_readiness_volatility,4.817409910391224,6.270933072216835,6.557387532016177,1.4535231618256104,0.2864544597993426,1.739977621624953
49,385531f86e4df34d,15744598175717554616,exporter_2_readiness_volatility,5.078489102543132,6.848722603883394,8.136272662944576,1.7702335013402628,1.2875500590611813,3.057783560401444
0,efd2bbd58a32d830,18154560826472160181,mean_total_inventory,53.74731104740414,60.449489425123936,59.088655433032784,6.702178377719797,-1.3608339920911519,5.341344385628645
1,740d1ec64c17c25c,583025130916150325,mean_total_inventory,53.736937700252966,60.27012509508038,59.39785247211222,6.533187394827415,-0.8722726229681612,5.660914771859254
2,48fc424fdbbeabe8,16398357247701834850,mean_total_inventory,54.128005511111766,61.04994736721479,59.00932965704243,6.921941856103025,-2.040617710172363,4.881324145930662
3,c8bc873cc8d7bf0e,2269397296339111156,mean_total_inventory,52.728644798913685,59.367354211609324,57.75812306925113,6.63870941269564,-1.6092311423581975,5.029478270337442
4,b53d2acad52e10d3,2106283565805583909,mean_total_inventory,53.59379464722449,60.09820822912668,58.11951144606607,6.504413581902192,-1.978696783060613,4.525716798841579
5,4c823eaf9c10986c,9494189234043139157,mean_total_inventory,54.37590600640702,61.03339273877887,58.80362393183301,6.657486732371851,-2.229768806945863,4.427717925425988
6,0c4d8050dcfc561f,9175908689249402304,mean_total_inventory,54.12161632988535,60.765565552970784,59.28394891752194,6.643949223085436,-1.4816166354488445,5.162332587636591
7,b93c197452127748,18411039279325525482,mean_total_inventory,54.7353309356423,61.73751503642598,59.58233550893046,7.00218410078368,-2.1551795274955197,4.84700457328816
8,f3d93e6376548f3d,17412653627742288767,mean_total_inventory,54.43970403588921,61.23789894636382,59.16629027463328,6.7981949104746136,-2.0716086717305373,4.726586238744076
9,1b6a15e02bc2dfd9,14360288428696390321,mean_total_inventory,54.54191353768405,61.06975986158952,58.93188009457413,6.5278463239054645,-2.1378797670153844,4.38996655689008
10,7c362520b9d279d5,707028829783831254,mean_total_inventory,54.21780389967799,60.74004726725743,59.36061906990511,6.522243367579442,-1.3794281973523184,5.142815170227124
11,b3f61c340012ae31,2249076315507157767,mean_total_inventory,53.962927317618,60.42829634669484,59.06456677018453,6.4653690290768395,-1.3637295765103161,5.101639452566523
12,4d910d2eda1b7bc4,3215586943839124654,mean_total_inventory,54.77885897340539,61.46576618427589,59.29375751328302,6.686907210870501,-2.1720086709928736,4.514898539877628
13,1de37aa7f125f9c2,7848416998020336102,mean_total_inventory,52.83535319787601,59.49432482987904,58.264241613825355,6.6589716320030305,-1.2300832160536856,5.428888415949345
14,bb1e91a2811da9e7,12637917950436599476,mean_total_inventory,54.36393496524474,60.98133393719756,58.859437902260716,6.617398971952824,-2.121896034936846,4.495502937015978
15,9c0e7d005f95b886,12631696581790737570,mean_total_inventory,54.19097341663318,60.86335587115406,59.01714899736495,6.672382454520886,-1.8462068737891144,4.826175580731771
16,2dde2186f7f297c8,15306973309152035735,mean_total_inventory,53.29066247063977,59.88346147405623,58.86343795999411,6.5927990034164665,-1.0200235140621245,5.572775489354342
17,7d27ea5a36015daa,11912966408235049794,mean_total_inventory,54.21446479698366,60.921436419902065,59.217091193396094,6.706971622918402,-1.7043452265059713,5.002626396412431
18,450638d687f99e16,13662181571893650717,mean_total_inventory,53.333173949562735,59.78381983873133,58.61464209824261,6.450645889168598,-1.1691777404887205,5.281468148679878
19,71dc83c60ef39a61,6716774480996898736,mean_total_inventory,54.94036025627709,61.56949716397309,59.42234818999705,6.629136907696001,-2.147148973976037,4.481987933719964
20,f7d27eeb3e232b43,6074613405453781192,mean_total_inventory,54.079830841759424,60.780966547130504,58.863694758512736,6.70113570537108,-1.917271788617768,4.783863916753312
21,80cac39a6a93e25b,12656529146208048523,mean_total_inventory,54.33874946909292,60.816105316639266,59.146574396863215,6.477355847546349,-1.6695309197760508,4.807824927770298
22,cda0457b3f19dc5f,16800882232702200752,mean_total_inventory,54.257403313330215,60.793293421233685,59.11448537218212,6.5358901079034695,-1.6788080490515611,4.857082058851908
23,99fe83fe7a61efee,5072631503236424711,mean_total_inventory,53.07233815474774,59.919679762559866,58.03250691873511,6.847341607812126,-1.8871728438247573,4.960168763987369
24,4734a950ab8deb19,1658852715428394783,mean_total_inventory,53.830552001392554,60.503094983018016,59.075216790642116,6.672542981625462,-1.4278781923758999,5.244664789249562
25,38bb46dac36d9613,6198866614064143415,mean_total_inventory,54.138909831588144,60.424354269467,59.273743001119456,6.2854444378788585,-1.1506112683475465,5.134833169531312
26,73ca68e153b90efe,9131912532472506910,mean_total_inventory,52.279611291155874,58.84973441430644,57.9371772881495,6.570123123150566,-0.9125571261569405,5.657565996993625
27,486b37266eb85a7d,14506317473859213626,mean_total_inventory,53.937861684554434,60.53693548456895,58.9788425729107,6.599073800014516,-1.5580929116582496,5.040980888356266
28,9819f468eaf7f2b2,4003950915694505269,mean_total_inventory,53.98970570612635,60.43128101716391,59.06282390516135,6.44157531103756,-1.3684571120025595,5.073118199035001
29,8d1cdabbefbbd0aa,17863264377380044289,mean_total_inventory,54.32842337788074,60.82674023491782,58.79094942428523,6.498316857037082,-2.035790810632591,4.462526046404491
30,a82cff0022fc77c1,1621636798392364146,mean_total_inventory,54.8049245584872,61.51125414130199,59.811545959017074,6.706329582814789,-1.6997081822849154,5.006621400529873
31,5e05e6ad80459dbd,17689598413599291612,mean_total_inventory,54.20900043167214,60.541935288471976,58.80166757570296,6.332934856799838,-1.7402677127690183,4.59266714403082
32,000375070cfaad12,2376777246512708618,mean_total_inventory,54.59474779865169,61.590687019418596,59.18003492684718,6.995939220766907,-2.410652092571418,4.585287128195489
33,4f91a9779584603d,14951634514475873699,mean_total_inventory,54.224056172449636,60.84832553044785,59.59181007670142,6.624269357998216,-1.256515453746431,5.367753904251785
34,2672cb6c777c2643,3610653751272029061,mean_total_inventory,54.26454898308041,60.72802081778436,58.84768250419258,6.463471834703952,-1.8803383135917784,4.583133521112174
35,24f7d9bb2ef8b38d,12487850631638145646,mean_total_inventory,53.91484249795392,60.5255374832644,59.39499394797309,6.610694985310481,-1.1305435352913094,5.4801514500191715
36,a22de8b4de8c8f1c,9532327372103029650,mean_total_inventory,54.046944588584644,60.78091973875393,58.93339706590118,6.733975150169286,-1.8475226728527474,4.8864524773165385
37,6c4abba0cf79b5c5,6187122514881054771,mean_total_inventory,53.60047002383196,60.361620202608435,58.55512822970344,6.761150178776475,-1.8064919729049933,4.954658205871482
38,767bb6c753841eeb,8367747889328127822,mean_total_inventory,54.63203029908682,61.35817330716428,59.48652453202118,6.726143008077457,-1.8716487751431004,4.854494232934357
39,9496564120f8cca4,15556817399082204522,mean_total_inventory,53.84209959874725,60.48206262935193,58.98957876081363,6.639963030604683,-1.4924838685383008,5.147479162066382
40,47355d2f5acddb5c,294372319131704418,mean_total_inventory,53.869507090305014,60.44507661279375,58.82359178373543,6.575569522488735,-1.6214848290583177,4.954084693430417
41,0a262dd283dd6a86,17876885766379431511,mean_total_inventory,53.78349257322593,60.43744904871657,59.03711718974675,6.653956475490645,-1.400331858969821,5.253624616520824
42,4948a5aebd04a486,13785562148271653969,mean_total_inventory,54.08892869641616,60.86087381085421,59.03111473886009,6.771945114438047,-1.8297590719941184,4.942186042443929
43,0d83242ca36457c7,4582545520891971192,mean_total_inventory,55.00563794416559,61.66504994009301,60.26289613596951,6.659411995927421,-1.4021538041235004,5.2572581918039205
44,a4fc26c8e01425fb,9850046477131511879,mean_total_inventory,54.10570406548916,60.644119988627835,59.16072969721917,6.538415923138679,-1.4833902914086678,5.055025631730011
45,6e8d15f0b614b0c5,16007094931600741254,mean_total_inventory,53.19712081152211,59.898549135805894,58.52620628830953,6.701428324283782,-1.3723428474963626,5.329085476787419
46,ea37cea8525453e6,16040166067369569384,mean_total_inventory,53.718051443384844,60.602308881192094,58.36119355290329,6.88425743780725,-2.2411153282888066,4.643142109518443
47,8eb8f53b49b3d3e7,16542339274826354254,mean_total_inventory,54.476354431216556,60.973415492619004,58.85916384471975,6.497061061402448,-2.114251647899252,4.382809413503196
48,cf3fb765a545fb7c,6737943943382100808,mean_total_inventory,54.57141421253151,61.21637226399174,58.998148777865474,6.644958051460229,-2.218223486126263,4.426734565333966
49,385531f86e4df34d,15744598175717554616,mean_total_inventory,54.8261370028134,61.27271583054722,59.42856453550115,6.446578827733823,-1.8441512950460677,4.602427532687756
0,efd2bbd58a32d830,18154560826472160181,total_lost_sales,169.10940930181704,319.83884899744294,204.20216041214317,150.7294396956259,-115.63668858529977,35.092751110326134
1,740d1ec64c17c25c,583025130916150325,total_lost_sales,260.54856270608985,423.45559946512384,192.65346613732066,162.90703675903399,-230.80213332780318,-67.89509656876919
2,48fc424fdbbeabe8,16398357247701834850,total_lost_sales,205.45114527993587,420.1107753745199,150.9276200971458,214.65963009458403,-269.1831552773741,-54.52352518279008
3,c8bc873cc8d7bf0e,2269397296339111156,total_lost_sales,214.59832306551704,422.9157169883267,217.29412711049804,208.31739392280969,-205.62158987782868,2.695804044981003
4,b53d2acad52e10d3,2106283565805583909,total_lost_sales,279.6306701062662,519.2797909166445,286.6972709013983,239.6491208103783,-232.5825200152462,7.0666007951321035
5,4c823eaf9c10986c,9494189234043139157,total_lost_sales,247.69774347213382,443.94175571609765,183.75577495131296,196.24401224396382,-260.1859807647847,-63.941968520820865
6,0c4d8050dcfc561f,9175908689249402304,total_lost_sales,218.02612179162122,356.38232837827684,207.75696353945176,138.35620658665562,-148.62536483882508,-10.269158252169461
7,b93c197452127748,18411039279325525482,total_lost_sales,238.04721781518748,439.4215692041683,190.3402393657588,201.3743513889808,-249.0813298384095,-47.706978449428675
8,f3d93e6376548f3d,17412653627742288767,total_lost_sales,191.49342363017917,369.1721769358804,184.01448795238917,177.6787533057012,-185.1576889834912,-7.478935677789991
9,1b6a15e02bc2dfd9,14360288428696390321,total_lost_sales,214.4968007702177,326.2893661538791,171.5343521268122,111.79256538366138,-154.7550140270669,-42.96244864340551
10,7c362520b9d279d5,707028829783831254,total_lost_sales,151.1828935044158,293.42693579586944,165.41919330302,142.24404229145364,-128.00774249284945,14.236299798604193
11,b3f61c340012ae31,2249076315507157767,total_lost_sales,188.10832952032064,327.8938074184,157.60910113547598,139.78547789807936,-170.28470628292402,-30.499228384844656
12,4d910d2eda1b7bc4,3215586943839124654,total_lost_sales,183.92391143776126,315.3905777523264,150.14862513674785,131.46666631456515,-165.24195261557855,-33.77528630101341
13,1de37aa7f125f9c2,7848416998020336102,total_lost_sales,322.49389853009677,403.3027607448321,234.1689410773836,80.80886221473531,-169.13381966744848,-88.32495745271316
14,bb1e91a2811da9e7,12637917950436599476,total_lost_sales,232.2424072755229,366.2313663313814,197.5769674445856,133.98895905585852,-168.65439888679583,-34.665439830937316
15,9c0e7d005f95b886,12631696581790737570,total_lost_sales,270.97741648441763,471.683375407271,264.0196859439892,200.70595892285337,-207.6636894632818,-6.957730540428429
16,2dde2186f7f297c8,15306973309152035735,total_lost_sales,209.4063932291239,316.0729869221067,151.49325060636534,106.66659369298279,-164.57973631574134,-57.913142622758556
17,7d27ea5a36015daa,11912966408235049794,total_lost_sales,348.6373208608285,588.7942251096322,288.13727834751614,240.1569042488037,-300.65694676211604,-60.50004251331234
18,450638d687f99e16,13662181571893650717,total_lost_sales,282.25035746238234,420.0140300948515,210.35669631825374,137.76367263246914,-209.65733377659774,-71.8936611441286
19,71dc83c60ef39a61,6716774480996898736,total_lost_sales,243.69173228293843,485.346928423747,202.94873821548066,241.65519614080856,-282.3981902082663,-40.74299406745777
20,f7d27eeb3e232b43,6074613405453781192,total_lost_sales,304.49588676654116,442.38120528950697,240.6059352968209,137.8853185229658,-201.77526999268608,-63.88995146972027
21,80cac39a6a93e25b,12656529146208048523,total_lost_sales,274.8371998115003,395.3703454390794,195.22151363121935,120.53314562757913,-200.14883180786006,-79.61568618028093
22,cda0457b3f19dc5f,16800882232702200752,total_lost_sales,214.90496525782925,364.8342047347787,195.76672511782385,149.92923947694948,-169.06747961695487,-19.138240140005394
23,99fe83fe7a61efee,5072631503236424711,total_lost_sales,297.84178969807476,469.9590873574873,258.67500021250623,172.11729765941254,-211.28408714498107,-39.16678948556853
24,4734a950ab8deb19,1658852715428394783,total_lost_sales,197.9636272542819,336.31552806855086,173.63731988170852,138.35190081426896,-162.67820818684234,-24.326307372573382
25,38bb46dac36d9613,6198866614064143415,total_lost_sales,249.97892106006842,440.45195671620917,227.31042091007112,190.47303565614075,-213.14153580613805,-22.6685001499973
26,73ca68e153b90efe,9131912532472506910,total_lost_sales,245.61366461068732,367.25750747349275,210.0869243674622,121.64384286280543,-157.17058310603056,-35.526740243225134
27,486b37266eb85a7d,14506317473859213626,total_lost_sales,235.6378611813802,335.91694631342745,177.1726963565709,100.27908513204724,-158.74424995685655,-58.46516482480931
28,9819f468eaf7f2b2,4003950915694505269,total_lost_sales,200.25025039799374,362.02234628569937,191.33219393875714,161.77209588770563,-170.69015234694223,-8.918056459236595
29,8d1cdabbefbbd0aa,17863264377380044289,total_lost_sales,266.9186119904806,439.12869879833846,207.4065930406482,172.21008680785786,-231.72210575769026,-59.512018949832395
30,a82cff0022fc77c1,1621636798392364146,total_lost_sales,288.2932605751516,483.8896822175653,287.2840245822564,195.5964216424137,-196.6056576353089,-1.009235992895185
31,5e05e6ad80459dbd,17689598413599291612,total_lost_sales,369.2333506817742,522.6597872064051,311.9042750077989,153.4264365246309,-210.7555121986062,-57.3290756739753
32,000375070cfaad12,2376777246512708618,total_lost_sales,355.1403318730711,556.6964623638497,347.0000832558294,201.55613049077863,-209.69637910802032,-8.140248617241696
33,4f91a9779584603d,14951634514475873699,total_lost_sales,360.2350040415042,541.1037011385574,230.55217792216388,180.8686970970532,-310.55152321639355,-129.68282611934035
34,2672cb6c777c2643,3610653751272029061,total_lost_sales,282.75188186378637,438.80533985276145,276.86516932679945,156.05345798897508,-161.940170525962,-5.88671253698692
35,24f7d9bb2ef8b38d,12487850631638145646,total_lost_sales,273.2840300242596,449.1918563340726,248.3785953504618,175.907826309813,-200.8132609836108,-24.9054346737978
36,a22de8b4de8c8f1c,9532327372103029650,total_lost_sales,301.7205602106204,585.2894238146677,271.7809658765238,283.56886360404724,-313.50845793814386,-29.939594334096626
37,6c4abba0cf79b5c5,6187122514881054771,total_lost_sales,339.07210581297596,510.30164057735635,269.9155829145917,171.2295347643804,-240.38605766276464,-69.15652289838425
38,767bb6c753841eeb,8367747889328127822,total_lost_sales,308.30230789567634,532.8865240843097,286.53282482878006,224.58421618863338,-246.35369925552965,-21.76948306689627
39,9496564120f8cca4,15556817399082204522,total_lost_sales,268.1538819613433,383.31053594304996,210.28164603194313,115.15665398170665,-173.02888991110683,-57.872235929400176
40,47355d2f5acddb5c,294372319131704418,total_lost_sales,259.3423148609398,365.05908800978784,197.45090450184205,105.71677314884806,-167.6081835079458,-61.89141035909773
41,0a262dd283dd6a86,17876885766379431511,total_lost_sales,253.51518481523118,467.86580071251126,230.4882262111144,214.35061589728008,-237.37757450139685,-23.02695860411677
42,4948a5aebd04a486,13785562148271653969,total_lost_sales,219.94401461381733,364.266502083589,190.21510696748564,144.32248746977166,-174.05139511610335,-29.72890764633169
43,0d83242ca36457c7,4582545520891971192,total_lost_sales,196.83770931303889,357.05082197138984,194.63632319173777,160.21311265835095,-162.41449877965206,-2.2013861213011126
44,a4fc26c8e01425fb,9850046477131511879,total_lost_sales,285.141450086133,466.7111236467436,215.95264307979912,181.56967356061062,-250.75848056694448,-69.18880700633386
45,6e8d15f0b614b0c5,16007094931600741254,total_lost_sales,212.1528419919377,260.728500991586,224.14015650095016,48.57565899964828,-36.58834449063582,11.987314509012464
46,ea37cea8525453e6,16040166067369569384,total_lost_sales,309.64269541125645,549.61036300809,259.20610690937167,239.9676675968335,-290.4042560987183,-50.436588501884785
47,8eb8f53b49b3d3e7,16542339274826354254,total_lost_sales,251.49181064414367,402.1965440535474,226.61389689679385,150.70473340940376,-175.58264715675358,-24.877913747349822
48,cf3fb765a545fb7c,6737943943382100808,total_lost_sales,228.1424122986243,409.7818365636028,236.98226116633444,181.6394242649785,-172.79957539726834,8.839848867710145
49,385531f86e4df34d,15744598175717554616,total_lost_sales,384.1810543270356,560.297910515837,336.98041553064706,176.11685618880136,-223.3174949851899,-47.200638796388546
0,efd2bbd58a32d830,18154560826472160181,total_waste,776.3733145792266,1604.3728440227517,959.8596344906921,827.999529443525,-644.5132095320596,183.48631991146544
1,740d1ec64c17c25c,583025130916150325,total_waste,702.117030816585,1425.876015019974,899.1501608957772,723.7589842033889,-526.7258541241968,197.03313007919212
2,48fc424fdbbeabe8,16398357247701834850,total_waste,895.2225394091047,1710.5517211225672,958.3214944228185,815.3291817134625,-752.2302266997486,63.09895501371386
3,c8bc873cc8d7bf0e,2269397296339111156,total_waste,736.8659225899407,1453.4187290785262,868.6563464294284,716.5528064885855,-584.7623826490978,131.79042383948763
4,b53d2acad52e10d3,2106283565805583909,total_waste,924.3712541514324,1688.146247066034,1013.616109534556,763.7749929146016,-674.530137531478,89.24485538312365
5,4c823eaf9c10986c,9494189234043139157,total_waste,798.9782734276001,1661.0309053291448,883.3160496332414,862.0526319015447,-777.7148556959035,84.33777620564126
6,0c4d8050dcfc561f,9175908689249402304,total_waste,690.8419961272089,1461.1380369120416,836.2116853712611,770.2960407848327,-624.9263515407805,145.3696892440522
7,b93c197452127748,18411039279325525482,total_waste,813.6524489770228,1602.4912224436932,899.7710327125012,788.8387734666704,-702.720189731192,86.11858373547841
8,f3d93e6376548f3d,17412653627742288767,total_waste,726.0211190127218,1506.037019843832,921.1043397034304,780.0159008311102,-584.9326801404017,195.08322069070857
9,1b6a15e02bc2dfd9,14360288428696390321,total_waste,811.0697483153622,1495.5276209762928,885.0541510780339,684.4578726609307,-610.4734698982589,73.98440276267172
10,7c362520b9d279d5,707028829783831254,total_waste,588.1876934619914,1285.188100764337,761.0764564690903,697.0004073023455,-524.1116442952466,172.88876300709887
11,b3f61c340012ae31,2249076315507157767,total_waste,670.8101803841994,1387.8257397297352,793.1873157796022,717.0155593455358,-594.6384239501331,122.37713539540277
12,4d910d2eda1b7bc4,3215586943839124654,total_waste,752.1252724406866,1599.3483389366293,929.6187491146922,847.2230664959427,-669.7295898219371,177.4934766740056
13,1de37aa7f125f9c2,7848416998020336102,total_waste,839.8593977538222,1487.809808716885,977.8170135116856,647.9504109630628,-509.9927952051995,137.95761575786332
14,bb1e91a2811da9e7,12637917950436599476,total_waste,782.0792455581542,1535.276594450245,864.7184780263528,753.1973488920909,-670.5581164238922,82.63923246819866
15,9c0e7d005f95b886,12631696581790737570,total_waste,986.2585911262638,1868.9486188386604,1101.0215011134223,882.6900277123966,-767.9271177252381,114.76290998715854
16,2dde2186f7f297c8,15306973309152035735,total_waste,787.2955537945967,1448.8871676845315,869.8994167126614,661.5916138899348,-578.9877509718701,82.60386291806469
17,7d27ea5a36015daa,11912966408235049794,total_waste,838.1254326008926,1780.0959009794224,986.865962508885,941.9704683785297,-793.2299384705374,148.74052990799237
18,450638d687f99e16,13662181571893650717,total_waste,729.6064328860841,1468.0533839896668,908.9755931011142,738.4469511035827,-559.0777908885526,179.3691602150301
19,71dc83c60ef39a61,6716774480996898736,total_waste,919.8888738849494,1805.9700885076631,1051.455669497554,886.0812146227138,-754.5144190101091,131.56679561260466
20,f7d27eeb3e232b43,6074613405453781192,total_waste,893.7521355255244,1565.417728898481,941.8052966056944,671.6655933729567,-623.6124322927867,48.05316108016996
21,80cac39a6a93e25b,12656529146208048523,total_waste,803.8091220459914,1509.4720925499446,866.757648565291,705.6629705039531,-642.7144439846536,62.94852651929955
22,cda0457b3f19dc5f,16800882232702200752,total_waste,776.0871005445367,1548.43554908607,959.8176537864202,772.3484485415333,-588.6178952996498,183.7305532418835
23,99fe83fe7a61efee,5072631503236424711,total_waste,800.7911350054405,1670.399520480281,954.7414308617916,869.6083854748404,-715.6580896184893,153.9502958563511
24,4734a950ab8deb19,1658852715428394783,total_waste,799.7287189792982,1517.9344256945885,885.7732843691299,718.2057067152904,-632.1611413254586,86.04456538983175
25,38bb46dac36d9613,6198866614064143415,total_waste,840.2378384646297,1653.126943064719,987.3079337160381,812.8891046000892,-665.8190093486809,147.07009525140836
26,73ca68e153b90efe,9131912532472506910,total_waste,703.6201000356227,1411.2382537006674,852.1060981976344,707.6181536650447,-559.132155503033,148.4859981620117
27,486b37266eb85a7d,14506317473859213626,total_waste,760.2758300261844,1384.963192722183,852.0053089678906,624.6873626959987,-532.9578837542924,91.72947894170625
28,9819f468eaf7f2b2,4003950915694505269,total_waste,808.7796526850595,1506.7060070833654,911.8198388021736,697.9263543983059,-594.8861682811918,103.0401861171141
29,8d1cdabbefbbd0aa,17863264377380044289,total_waste,924.6063417094324,1684.8300388937087,998.9681962115909,760.2236971842763,-685.8618426821178,74.36185450215851
30,a82cff0022fc77c1,1621636798392364146,total_waste,912.0820499247309,1741.318269842913,1010.8855093545853,829.2362199181821,-730.4327604883276,98.80345942985446
31,5e05e6ad80459dbd,17689598413599291612,total_waste,938.9582923262632,1694.0683308695793,961.956114590608,755.1100385433161,-732.1122162789713,22.99782226434479
32,000375070cfaad12,2376777246512708618,total_waste,904.2272044252576,1792.4490273021634,1037.562339859027,888.2218228769058,-754.8866874431365,133.33513543376932
33,4f91a9779584603d,14951634514475873699,total_waste,905.0149194066214,1659.4330308728292,957.6792692376999,754.4181114662078,-701.7537616351293,52.66434983107854
34,2672cb6c777c2643,3610653751272029061,total_waste,777.2762452970069,1526.5255568830744,916.5791899769579,749.2493115860675,-609.9463669061165,139.302944679951
35,24f7d9bb2ef8b38d,12487850631638145646,total_waste,811.4688027990526,1548.7584805999822,885.7940511772019,737.2896778009297,-662.9644294227803,74.32524837814935
36,a22de8b4de8c8f1c,9532327372103029650,total_waste,956.475532646178,1870.9030744184895,1060.9592889717892,914.4275417723115,-809.9437854467003,104.48375632561124
37,6c4abba0cf79b5c5,6187122514881054771,total_waste,864.0259517726724,1634.4021773695808,934.6668383051585,770.3762255969084,-699.7353390644223,70.64088653248609
38,767bb6c753841eeb,8367747889328127822,total_waste,928.5433572617693,1774.2543612358609,1084.740596360129,845.7110039740916,-689.5137648757318,156.19723909835977
39,9496564120f8cca4,15556817399082204522,total_waste,764.1637027120237,1519.469452054527,854.2024564250302,755.3057493425033,-665.2669956294968,90.03875371300649
40,47355d2f5acddb5c,294372319131704418,total_waste,789.0874132576073,1513.4240955734529,934.4410037467171,724.3366823158456,-578.9830918267357,145.35359048910982
41,0a262dd283dd6a86,17876885766379431511,total_waste,877.5600077348325,1723.0411587210838,998.0560698424921,845.4811509862512,-724.9850888785917,120.49606210765955
42,4948a5aebd04a486,13785562148271653969,total_waste,820.5935501401026,1583.6375001723527,879.9026830151414,763.0439500322501,-703.7348171572113,59.30913287503881
43,0d83242ca36457c7,4582545520891971192,total_waste,776.4607974370209,1555.862310996853,867.0501388210394,779.4015135598321,-688.8121721758137,90.58934138401844
44,a4fc26c8e01425fb,9850046477131511879,total_waste,803.1424218225274,1608.2268409929502,904.509785570281,805.0844191704228,-703.7170554226692,101.36736374775364
45,6e8d15f0b614b0c5,16007094931600741254,total_waste,714.0740579313818,1290.7964224009452,942.9464889538118,576.7223644695633,-347.84993344713337,228.87243102242996
46,ea37cea8525453e6,16040166067369569384,total_waste,898.1295269384561,1763.8898309262327,1021.863831859723,865.7603039877765,-742.0259990665097,123.73430492126681
47,8eb8f53b49b3d3e7,16542339274826354254,total_waste,817.9900998687224,1588.1794459792613,907.5921193099939,770.189346110539,-680.5873266692674,89.60201944127152
48,cf3fb765a545fb7c,6737943943382100808,total_waste,871.6005677296386,1589.7694924414072,964.8883761571398,718.1689247117687,-624.8811162842675,93.2878084275012
49,385531f86e4df34d,15744598175717554616,total_waste,910.9067901304804,1757.4339806811472,1012.7167513569449,846.5271905506668,-744.7172293242023,101.80996122646445
0,efd2bbd58a32d830,18154560826472160181,mean_abs_readiness_mismatch_1,3.988387319228108,5.762328957890381,0.0,1.7739416386622735,-5.762328957890381,-3.988387319228108
1,740d1ec64c17c25c,583025130916150325,mean_abs_readiness_mismatch_1,4.607390514968002,6.053981563749853,0.0,1.4465910487818512,-6.053981563749853,-4.607390514968002
2,48fc424fdbbeabe8,16398357247701834850,mean_abs_readiness_mismatch_1,4.113773510677438,5.80460580936036,0.0,1.6908322986829214,-5.80460580936036,-4.113773510677438
3,c8bc873cc8d7bf0e,2269397296339111156,mean_abs_readiness_mismatch_1,3.1841569009208444,5.834143871452223,0.0,2.649986970531379,-5.834143871452223,-3.1841569009208444
4,b53d2acad52e10d3,2106283565805583909,mean_abs_readiness_mismatch_1,3.4036675178277576,5.525857590798794,0.0,2.1221900729710366,-5.525857590798794,-3.4036675178277576
5,4c823eaf9c10986c,9494189234043139157,mean_abs_readiness_mismatch_1,3.726523643957356,5.752531255772198,0.0,2.0260076118148422,-5.752531255772198,-3.726523643957356
6,0c4d8050dcfc561f,9175908689249402304,mean_abs_readiness_mismatch_1,4.120081325632526,5.716633729413181,0.0,1.596552403780655,-5.716633729413181,-4.120081325632526
7,b93c197452127748,18411039279325525482,mean_abs_readiness_mismatch_1,3.6201939364273334,5.704970667287975,0.0,2.084776730860642,-5.704970667287975,-3.6201939364273334
8,f3d93e6376548f3d,17412653627742288767,mean_abs_readiness_mismatch_1,3.502731415589614,5.559865650262171,0.0,2.0571342346725565,-5.559865650262171,-3.502731415589614
9,1b6a15e02bc2dfd9,14360288428696390321,mean_abs_readiness_mismatch_1,3.683120767334027,5.099330990625472,0.0,1.4162102232914444,-5.099330990625472,-3.683120767334027
10,7c362520b9d279d5,707028829783831254,mean_abs_readiness_mismatch_1,4.095372555471633,5.431317025985029,0.0,1.3359444705133958,-5.431317025985029,-4.095372555471633
11,b3f61c340012ae31,2249076315507157767,mean_abs_readiness_mismatch_1,4.058675411608528,5.588856358750018,0.0,1.5301809471414902,-5.588856358750018,-4.058675411608528
12,4d910d2eda1b7bc4,3215586943839124654,mean_abs_readiness_mismatch_1,2.992532315132562,5.778154713095721,0.0,2.785622397963159,-5.778154713095721,-2.992532315132562
13,1de37aa7f125f9c2,7848416998020336102,mean_abs_readiness_mismatch_1,4.650082395393267,5.703188382567586,0.0,1.0531059871743196,-5.703188382567586,-4.650082395393267
14,bb1e91a2811da9e7,12637917950436599476,mean_abs_readiness_mismatch_1,3.3080327962335945,5.522325199964498,0.0,2.2142924037309033,-5.522325199964498,-3.3080327962335945
15,9c0e7d005f95b886,12631696581790737570,mean_abs_readiness_mismatch_1,3.3289236711175425,5.749460086640027,0.0,2.420536415522484,-5.749460086640027,-3.3289236711175425
16,2dde2186f7f297c8,15306973309152035735,mean_abs_readiness_mismatch_1,4.674748780149469,5.634997259836864,0.0,0.9602484796873956,-5.634997259836864,-4.674748780149469
17,7d27ea5a36015daa,11912966408235049794,mean_abs_readiness_mismatch_1,4.171065178052134,6.013703638393542,0.0,1.8426384603414077,-6.013703638393542,-4.171065178052134
18,450638d687f99e16,13662181571893650717,mean_abs_readiness_mismatch_1,4.19819234314317,5.491086574463429,0.0,1.2928942313202594,-5.491086574463429,-4.19819234314317
19,71dc83c60ef39a61,6716774480996898736,mean_abs_readiness_mismatch_1,3.9959398394457524,5.799082270862121,0.0,1.8031424314163682,-5.799082270862121,-3.9959398394457524
20,f7d27eeb3e232b43,6074613405453781192,mean_abs_readiness_mismatch_1,3.802358384171731,5.662672908531144,0.0,1.860314524359413,-5.662672908531144,-3.802358384171731
21,80cac39a6a93e25b,12656529146208048523,mean_abs_readiness_mismatch_1,3.599167477589001,5.722092810016267,0.0,2.1229253324272666,-5.722092810016267,-3.599167477589001
22,cda0457b3f19dc5f,16800882232702200752,mean_abs_readiness_mismatch_1,3.655994512019772,5.861716127330493,0.0,2.205721615310721,-5.861716127330493,-3.655994512019772
23,99fe83fe7a61efee,5072631503236424711,mean_abs_readiness_mismatch_1,4.085820959460181,5.674912288272974,0.0,1.5890913288127937,-5.674912288272974,-4.085820959460181
24,4734a950ab8deb19,1658852715428394783,mean_abs_readiness_mismatch_1,3.765721446645283,5.689295070461535,0.0,1.9235736238162517,-5.689295070461535,-3.765721446645283
25,38bb46dac36d9613,6198866614064143415,mean_abs_readiness_mismatch_1,4.106086824186224,5.8179215545027425,0.0,1.711834730316519,-5.8179215545027425,-4.106086824186224
26,73ca68e153b90efe,9131912532472506910,mean_abs_readiness_mismatch_1,4.314721792509415,5.678825508754802,0.0,1.3641037162453866,-5.678825508754802,-4.314721792509415
27,486b37266eb85a7d,14506317473859213626,mean_abs_readiness_mismatch_1,4.1109366014039965,5.605955370559392,0.0,1.4950187691553953,-5.605955370559392,-4.1109366014039965
28,9819f468eaf7f2b2,4003950915694505269,mean_abs_readiness_mismatch_1,4.213664781807258,5.369216754200909,0.0,1.155551972393651,-5.369216754200909,-4.213664781807258
29,8d1cdabbefbbd0aa,17863264377380044289,mean_abs_readiness_mismatch_1,3.604981365029471,5.6076663604229555,0.0,2.0026849953934844,-5.6076663604229555,-3.604981365029471
30,a82cff0022fc77c1,1621636798392364146,mean_abs_readiness_mismatch_1,3.9240487810073126,5.643555967642446,0.0,1.7195071866351337,-5.643555967642446,-3.9240487810073126
31,5e05e6ad80459dbd,17689598413599291612,mean_abs_readiness_mismatch_1,4.604630972389715,5.4016251788959835,0.0,0.7969942065062687,-5.4016251788959835,-4.604630972389715
32,000375070cfaad12,2376777246512708618,mean_abs_readiness_mismatch_1,3.5510212177907565,5.68855307346186,0.0,2.137531855671104,-5.68855307346186,-3.5510212177907565
33,4f91a9779584603d,14951634514475873699,mean_abs_readiness_mismatch_1,4.672335823824693,5.528805636355985,0.0,0.8564698125312917,-5.528805636355985,-4.672335823824693
34,2672cb6c777c2643,3610653751272029061,mean_abs_readiness_mismatch_1,3.5459978191187984,5.475363554391806,0.0,1.9293657352730076,-5.475363554391806,-3.5459978191187984
35,24f7d9bb2ef8b38d,12487850631638145646,mean_abs_readiness_mismatch_1,4.634467341938721,5.876429934321149,0.0,1.2419625923824285,-5.876429934321149,-4.634467341938721
36,a22de8b4de8c8f1c,9532327372103029650,mean_abs_readiness_mismatch_1,3.938780131099847,5.4041042927159815,0.0,1.4653241616161345,-5.4041042927159815,-3.938780131099847
37,6c4abba0cf79b5c5,6187122514881054771,mean_abs_readiness_mismatch_1,3.7862608979193726,5.6696712851339,0.0,1.8834103872145271,-5.6696712851339,-3.7862608979193726
38,767bb6c753841eeb,8367747889328127822,mean_abs_readiness_mismatch_1,3.814113662499005,5.80642939018685,0.0,1.9923157276878447,-5.80642939018685,-3.814113662499005
39,9496564120f8cca4,15556817399082204522,mean_abs_readiness_mismatch_1,4.251812989140487,5.942228173251456,0.0,1.690415184110969,-5.942228173251456,-4.251812989140487
40,47355d2f5acddb5c,294372319131704418,mean_abs_readiness_mismatch_1,3.7608835490239403,6.072603658957641,0.0,2.311720109933701,-6.072603658957641,-3.7608835490239403
41,0a262dd283dd6a86,17876885766379431511,mean_abs_readiness_mismatch_1,4.243546116009607,5.709158499883833,0.0,1.4656123838742268,-5.709158499883833,-4.243546116009607
42,4948a5aebd04a486,13785562148271653969,mean_abs_readiness_mismatch_1,3.6883395920100805,5.760827355212289,0.0,2.0724877632022083,-5.760827355212289,-3.6883395920100805
43,0d83242ca36457c7,4582545520891971192,mean_abs_readiness_mismatch_1,3.479380681900095,5.8852042890625205,0.0,2.4058236071624255,-5.8852042890625205,-3.479380681900095
44,a4fc26c8e01425fb,9850046477131511879,mean_abs_readiness_mismatch_1,3.9722524592997606,6.103365717512859,0.0,2.1311132582130985,-6.103365717512859,-3.9722524592997606
45,6e8d15f0b614b0c5,16007094931600741254,mean_abs_readiness_mismatch_1,3.8181084685027145,5.789516349253829,0.0,1.9714078807511148,-5.789516349253829,-3.8181084685027145
46,ea37cea8525453e6,16040166067369569384,mean_abs_readiness_mismatch_1,4.0315004801231,5.28012815769986,0.0,1.24862767757676,-5.28012815769986,-4.0315004801231
47,8eb8f53b49b3d3e7,16542339274826354254,mean_abs_readiness_mismatch_1,3.546300398053278,5.186602840802545,0.0,1.6403024427492667,-5.186602840802545,-3.546300398053278
48,cf3fb765a545fb7c,6737943943382100808,mean_abs_readiness_mismatch_1,3.3995005585988496,5.636297101343425,0.0,2.2367965427445755,-5.636297101343425,-3.3995005585988496
49,385531f86e4df34d,15744598175717554616,mean_abs_readiness_mismatch_1,4.2151892271450295,5.609820361696166,0.0,1.3946311345511369,-5.609820361696166,-4.2151892271450295
0,efd2bbd58a32d830,18154560826472160181,mean_abs_readiness_mismatch_2,4.032698157369315,5.815030238625102,0.0,1.7823320812557872,-5.815030238625102,-4.032698157369315
1,740d1ec64c17c25c,583025130916150325,mean_abs_readiness_mismatch_2,4.627478821487339,5.890032537069683,0.0,1.262553715582344,-5.890032537069683,-4.627478821487339
2,48fc424fdbbeabe8,16398357247701834850,mean_abs_readiness_mismatch_2,3.9611750394252088,5.8959433546358175,0.0,1.9347683152106088,-5.8959433546358175,-3.9611750394252088
3,c8bc873cc8d7bf0e,2269397296339111156,mean_abs_readiness_mismatch_2,4.036385362352532,5.313740927032825,0.0,1.2773555646802928,-5.313740927032825,-4.036385362352532
4,b53d2acad52e10d3,2106283565805583909,mean_abs_readiness_mismatch_2,3.415874383591064,5.506910510522515,0.0,2.0910361269314515,-5.506910510522515,-3.415874383591064
5,4c823eaf9c10986c,9494189234043139157,mean_abs_readiness_mismatch_2,3.889430563968358,5.680783139921529,0.0,1.7913525759531712,-5.680783139921529,-3.889430563968358
6,0c4d8050dcfc561f,9175908689249402304,mean_abs_readiness_mismatch_2,4.001219351661072,5.7625397253175255,0.0,1.7613203736564538,-5.7625397253175255,-4.001219351661072
7,b93c197452127748,18411039279325525482,mean_abs_readiness_mismatch_2,3.6315706811033253,5.613133387640947,0.0,1.981562706537622,-5.613133387640947,-3.6315706811033253
8,f3d93e6376548f3d,17412653627742288767,mean_abs_readiness_mismatch_2,3.596763713754287,5.593833191179693,0.0,1.9970694774254056,-5.593833191179693,-3.596763713754287
9,1b6a15e02bc2dfd9,14360288428696390321,mean_abs_readiness_mismatch_2,3.0605928231613753,5.639121396815337,0.0,2.578528573653962,-5.639121396815337,-3.0605928231613753
10,7c362520b9d279d5,707028829783831254,mean_abs_readiness_mismatch_2,3.565416264713386,5.859281396628186,0.0,2.2938651319148,-5.859281396628186,-3.565416264713386
11,b3f61c340012ae31,2249076315507157767,mean_abs_readiness_mismatch_2,3.654330844944017,5.691855869348478,0.0,2.037525024404461,-5.691855869348478,-3.654330844944017
12,4d910d2eda1b7bc4,3215586943839124654,mean_abs_readiness_mismatch_2,3.801831056156983,5.269686921405935,0.0,1.4678558652489517,-5.269686921405935,-3.801831056156983
13,1de37aa7f125f9c2,7848416998020336102,mean_abs_readiness_mismatch_2,4.23218111383162,5.9509850067545385,0.0,1.7188038929229181,-5.9509850067545385,-4.23218111383162
14,bb1e91a2811da9e7,12637917950436599476,mean_abs_readiness_mismatch_2,3.492881688678464,5.489677195762636,0.0,1.9967955070841716,-5.489677195762636,-3.492881688678464
15,9c0e7d005f95b886,12631696581790737570,mean_abs_readiness_mismatch_2,3.6894305289389484,5.574969048253522,0.0,1.885538519314574,-5.574969048253522,-3.6894305289389484
16,2dde2186f7f297c8,15306973309152035735,mean_abs_readiness_mismatch_2,3.8799454760322107,6.158708627248563,0.0,2.2787631512163524,-6.158708627248563,-3.8799454760322107
17,7d27ea5a36015daa,11912966408235049794,mean_abs_readiness_mismatch_2,4.4544730166991835,6.003465782631266,0.0,1.5489927659320823,-6.003465782631266,-4.4544730166991835
18,450638d687f99e16,13662181571893650717,mean_abs_readiness_mismatch_2,3.704094827395102,5.909615550825074,0.0,2.205520723429972,-5.909615550825074,-3.704094827395102
19,71dc83c60ef39a61,6716774480996898736,mean_abs_readiness_mismatch_2,4.017024570113002,5.766231428215397,0.0,1.7492068581023945,-5.766231428215397,-4.017024570113002
20,f7d27eeb3e232b43,6074613405453781192,mean_abs_readiness_mismatch_2,3.725361397934238,5.712230005198355,0.0,1.9868686072641175,-5.712230005198355,-3.725361397934238
21,80cac39a6a93e25b,12656529146208048523,mean_abs_readiness_mismatch_2,3.7856771453800775,5.596965885078397,0.0,1.8112887396983197,-5.596965885078397,-3.7856771453800775
22,cda0457b3f19dc5f,16800882232702200752,mean_abs_readiness_mismatch_2,3.9013885377798214,5.61097696568495,0.0,1.7095884279051283,-5.61097696568495,-3.9013885377798214
23,99fe83fe7a61efee,5072631503236424711,mean_abs_readiness_mismatch_2,4.185515443763396,5.767733590918546,0.0,1.5822181471551495,-5.767733590918546,-4.185515443763396
24,4734a950ab8deb19,1658852715428394783,mean_abs_readiness_mismatch_2,3.7534980936814497,5.72848019270177,0.0,1.9749820990203206,-5.72848019270177,-3.7534980936814497
25,38bb46dac36d9613,6198866614064143415,mean_abs_readiness_mismatch_2,3.888841486660333,5.8375969327642805,0.0,1.9487554461039474,-5.8375969327642805,-3.888841486660333
26,73ca68e153b90efe,9131912532472506910,mean_abs_readiness_mismatch_2,4.151363677264959,5.72862754836068,0.0,1.5772638710957212,-5.72862754836068,-4.151363677264959
27,486b37266eb85a7d,14506317473859213626,mean_abs_readiness_mismatch_2,3.6794023826195796,5.873118108735931,0.0,2.1937157261163516,-5.873118108735931,-3.6794023826195796
28,9819f468eaf7f2b2,4003950915694505269,mean_abs_readiness_mismatch_2,3.455359515333265,5.984538204837021,0.0,2.529178689503756,-5.984538204837021,-3.455359515333265
29,8d1cdabbefbbd0aa,17863264377380044289,mean_abs_readiness_mismatch_2,3.5835850029602727,5.592419015441782,0.0,2.008834012481509,-5.592419015441782,-3.5835850029602727
30,a82cff0022fc77c1,1621636798392364146,mean_abs_readiness_mismatch_2,3.7187182346295753,5.770624629470885,0.0,2.0519063948413097,-5.770624629470885,-3.7187182346295753
31,5e05e6ad80459dbd,17689598413599291612,mean_abs_readiness_mismatch_2,3.643514247897611,6.104021154231678,0.0,2.4605069063340665,-6.104021154231678,-3.643514247897611
32,000375070cfaad12,2376777246512708618,mean_abs_readiness_mismatch_2,3.746338689107357,5.659743463783985,0.0,1.913404774676628,-5.659743463783985,-3.746338689107357
33,4f91a9779584603d,14951634514475873699,mean_abs_readiness_mismatch_2,3.9003262458137624,6.026135410482923,0.0,2.125809164669161,-6.026135410482923,-3.9003262458137624
34,2672cb6c777c2643,3610653751272029061,mean_abs_readiness_mismatch_2,3.6779333989049814,5.419079585864012,0.0,1.741146186959031,-5.419079585864012,-3.6779333989049814
35,24f7d9bb2ef8b38d,12487850631638145646,mean_abs_readiness_mismatch_2,4.367642689325668,5.965559161776152,0.0,1.5979164724504846,-5.965559161776152,-4.367642689325668
36,a22de8b4de8c8f1c,9532327372103029650,mean_abs_readiness_mismatch_2,3.329804373973618,5.874713605778034,0.0,2.5449092318044158,-5.874713605778034,-3.329804373973618
37,6c4abba0cf79b5c5,6187122514881054771,mean_abs_readiness_mismatch_2,3.6910292293359395,5.857694249541477,0.0,2.1666650202055373,-5.857694249541477,-3.6910292293359395
38,767bb6c753841eeb,8367747889328127822,mean_abs_readiness_mismatch_2,3.9344562497654736,5.771315918457283,0.0,1.8368596686918095,-5.771315918457283,-3.9344562497654736
39,9496564120f8cca4,15556817399082204522,mean_abs_readiness_mismatch_2,4.322277027301568,5.813059762765888,0.0,1.49078273546432,-5.813059762765888,-4.322277027301568
40,47355d2f5acddb5c,294372319131704418,mean_abs_readiness_mismatch_2,4.2402507672289005,5.6537781750497675,0.0,1.413527407820867,-5.6537781750497675,-4.2402507672289005
41,0a262dd283dd6a86,17876885766379431511,mean_abs_readiness_mismatch_2,3.6961763166979904,5.921493055496432,0.0,2.225316738798442,-5.921493055496432,-3.6961763166979904
42,4948a5aebd04a486,13785562148271653969,mean_abs_readiness_mismatch_2,3.5972205817923895,5.934675565745442,0.0,2.3374549839530525,-5.934675565745442,-3.5972205817923895
43,0d83242ca36457c7,4582545520891971192,mean_abs_readiness_mismatch_2,3.991947206299524,5.6105618862777575,0.0,1.6186146799782337,-5.6105618862777575,-3.991947206299524
44,a4fc26c8e01425fb,9850046477131511879,mean_abs_readiness_mismatch_2,4.30873568944101,5.820469084964299,0.0,1.5117333955232892,-5.820469084964299,-4.30873568944101
45,6e8d15f0b614b0c5,16007094931600741254,mean_abs_readiness_mismatch_2,4.294754848553212,5.567084857692991,0.0,1.272330009139779,-5.567084857692991,-4.294754848553212
46,ea37cea8525453e6,16040166067369569384,mean_abs_readiness_mismatch_2,3.258455651474616,5.915959354635538,0.0,2.6575037031609217,-5.915959354635538,-3.258455651474616
47,8eb8f53b49b3d3e7,16542339274826354254,mean_abs_readiness_mismatch_2,3.108540182013858,5.484105836271883,0.0,2.3755656542580255,-5.484105836271883,-3.108540182013858
48,cf3fb765a545fb7c,6737943943382100808,mean_abs_readiness_mismatch_2,3.6240941472132624,5.48391379313158,0.0,1.8598196459183178,-5.48391379313158,-3.6240941472132624
49,385531f86e4df34d,15744598175717554616,mean_abs_readiness_mismatch_2,3.9595924304322625,5.838502854452051,0.0,1.878910424019789,-5.838502854452051,-3.9595924304322625
